INFO|2026-08-29 10:26:29|=== ptoe start: ['python.exe -m unittest', 'test_mian', '-v'] ===
INFO|2026-08-29 10:26:29|=== ptoe start: ['python.exe -m unittest', 'test_mian', '-v'] ===
INFO|2026-08-29 10:26:29|=== ptoe start: ['python.exe -m unittest', 'test_mian', '-v'] ===
INFO|2026-08-29 10:26:29|pdf_to_epub start: pdf=C:\Users\Administrator\AppData\Local\Temp\test_mian_at6d_y0b\sample.pdf, dpi=100, model=HY, workers=None
INFO|2026-08-29 10:26:29|split done: pages=3, dir=D:\code-project\python\PToEA\data\sample, elapsed=0.1s
INFO|2026-08-29 10:26:29|starting server: model=HY, workers=4
INFO|2026-08-29 10:26:29|server ready: model=HY, elapsed=0.0s
INFO|2026-08-29 10:26:29|ocr done: total_pages=3, todo=3, excluded=0, errors=0, elapsed=0.0s
INFO|2026-08-29 10:26:29|structure done: elapsed=0.0s
INFO|2026-08-29 10:26:29|history done: elapsed=0.0s
INFO|2026-08-29 10:26:29|render done: elapsed=0.0s
INFO|2026-08-29 10:26:29|pdf_to_epub success: epub=C:\Users\Administrator\AppData\Local\Temp\test_mian_at6d_y0b\out.epub, total_elapsed=0.1s
INFO|2026-08-29 10:26:29|=== ptoe start: ['python.exe -m unittest', 'test_mian', '-v'] ===
INFO|2026-08-29 10:26:29|=== ptoe start: ['python.exe -m unittest', 'test_mian', '-v'] ===
INFO|2026-08-29 11:17:34|=== ptoe start: ['python.exe -m unittest', 'test_pdfmanage', 'test_mian', 'test_llamamanage', 'test_exclude', 'test_exclude_integration', '-v'] ===
INFO|2026-08-29 11:17:34|=== ptoe start: ['python.exe -m unittest', 'test_pdfmanage', 'test_mian', 'test_llamamanage', 'test_exclude', 'test_exclude_integration', '-v'] ===
INFO|2026-08-29 11:17:34|=== ptoe start: ['python.exe -m unittest', 'test_pdfmanage', 'test_mian', 'test_llamamanage', 'test_exclude', 'test_exclude_integration', '-v'] ===
INFO|2026-08-29 11:17:34|pdf_to_epub start: pdf=C:\Users\Administrator\AppData\Local\Temp\test_mian_kf_0xjki\sample.pdf, dpi=100, model=HY, workers=None
INFO|2026-08-29 11:17:34|split done: pages=3, dir=D:\code-project\python\PToEA\data\sample, elapsed=0.1s
INFO|2026-08-29 11:17:34|starting server: model=HY, workers=4
INFO|2026-08-29 11:17:34|server ready: model=HY, elapsed=0.0s
INFO|2026-08-29 11:17:34|ocr done: total_pages=3, todo=3, excluded=0, errors=0, elapsed=0.0s
INFO|2026-08-29 11:17:34|structure done: elapsed=0.0s
INFO|2026-08-29 11:17:34|history done: elapsed=0.0s
INFO|2026-08-29 11:17:34|render done: elapsed=0.0s
INFO|2026-08-29 11:17:34|pdf_to_epub success: epub=C:\Users\Administrator\AppData\Local\Temp\test_mian_kf_0xjki\out.epub, total_elapsed=0.1s
INFO|2026-08-29 11:17:34|=== ptoe start: ['python.exe -m unittest', 'test_pdfmanage', 'test_mian', 'test_llamamanage', 'test_exclude', 'test_exclude_integration', '-v'] ===
INFO|2026-08-29 11:17:34|=== ptoe start: ['python.exe -m unittest', 'test_pdfmanage', 'test_mian', 'test_llamamanage', 'test_exclude', 'test_exclude_integration', '-v'] ===
INFO|2026-08-29 11:32:48|=== ptoe start: ['mian.py', 'gui'] ===
INFO|2026-08-29 11:44:02|=== ptoe start: ['python.exe -m unittest', 'test_guimanage', '-v'] ===
INFO|2026-08-29 11:44:02|=== ptoe start: ['python.exe -m unittest', 'test_guimanage', '-v'] ===
INFO|2026-08-29 11:44:13|=== ptoe start: ['python.exe -m unittest', 'test_mian', '-v'] ===
INFO|2026-08-29 11:44:13|=== ptoe start: ['python.exe -m unittest', 'test_mian', '-v'] ===
INFO|2026-08-29 11:44:13|=== ptoe start: ['python.exe -m unittest', 'test_mian', '-v'] ===
INFO|2026-08-29 11:44:13|pdf_to_epub start: pdf=C:\Users\Administrator\AppData\Local\Temp\test_mian_ua43qkm7\sample.pdf, dpi=100, model=HY, workers=None
INFO|2026-08-29 11:44:13|split done: pages=3, dir=D:\code-project\python\PToEA\data\sample, elapsed=0.1s
INFO|2026-08-29 11:44:13|starting server: model=HY, workers=4
INFO|2026-08-29 11:44:13|server ready: model=HY, elapsed=0.0s
INFO|2026-08-29 11:44:13|ocr done: total_pages=3, todo=3, excluded=0, errors=0, elapsed=0.0s
INFO|2026-08-29 11:44:13|structure done: elapsed=0.0s
INFO|2026-08-29 11:44:13|history done: elapsed=0.0s
INFO|2026-08-29 11:44:13|render done: elapsed=0.0s
INFO|2026-08-29 11:44:13|pdf_to_epub success: epub=C:\Users\Administrator\AppData\Local\Temp\test_mian_ua43qkm7\out.epub, total_elapsed=0.1s
INFO|2026-08-29 11:44:13|=== ptoe start: ['python.exe -m unittest', 'test_mian', '-v'] ===
INFO|2026-08-29 11:44:13|=== ptoe start: ['python.exe -m unittest', 'test_mian', '-v'] ===
INFO|2026-08-29 11:51:40|=== ptoe start: ['python.exe -m unittest', 'test_guimanage', 'test_mian', '-v'] ===
INFO|2026-08-29 11:51:40|=== ptoe start: ['python.exe -m unittest', 'test_guimanage', 'test_mian', '-v'] ===
INFO|2026-08-29 11:51:41|pdf_to_epub start: pdf=C:\Users\Administrator\AppData\Local\Temp\test_mian_hist_3prfbum5\sample.pdf, dpi=100, model=HY, workers=None
INFO|2026-08-29 11:51:41|split done: pages=3, dir=D:\code-project\python\PToEA\data\sample, elapsed=0.0s
INFO|2026-08-29 11:51:41|starting server: model=HY, workers=4
INFO|2026-08-29 11:51:41|server ready: model=HY, elapsed=0.0s
INFO|2026-08-29 11:51:41|ocr done: total_pages=3, todo=3, excluded=0, errors=0, elapsed=0.0s
INFO|2026-08-29 11:51:41|structure done: elapsed=0.0s
INFO|2026-08-29 11:51:41|history done: elapsed=0.0s
INFO|2026-08-29 11:51:41|render done: elapsed=0.0s
INFO|2026-08-29 11:51:41|pdf_to_epub success: epub=C:\Users\Administrator\AppData\Local\Temp\test_mian_hist_3prfbum5\out.epub, total_elapsed=0.0s
INFO|2026-08-29 11:51:41|pdf_to_epub start: pdf=C:\Users\Administrator\AppData\Local\Temp\test_mian_resume_uop61y07\sample.pdf, dpi=100, model=HY, workers=None
INFO|2026-08-29 11:51:41|split done: pages=3, dir=D:\code-project\python\PToEA\data\sample, elapsed=0.0s
INFO|2026-08-29 11:51:41|starting server: model=HY, workers=4
INFO|2026-08-29 11:51:41|server ready: model=HY, elapsed=0.0s
INFO|2026-08-29 11:51:41|ocr done: total_pages=3, todo=3, excluded=0, errors=0, elapsed=0.0s
INFO|2026-08-29 11:51:41|structure done: elapsed=0.0s
INFO|2026-08-29 11:51:41|history done: elapsed=0.0s
INFO|2026-08-29 11:51:41|render done: elapsed=0.0s
INFO|2026-08-29 11:51:41|pdf_to_epub success: epub=C:\Users\Administrator\AppData\Local\Temp\test_mian_resume_uop61y07\out.epub, total_elapsed=0.0s
INFO|2026-08-29 11:51:41|pdf_to_epub start: pdf=C:\Users\Administrator\AppData\Local\Temp\test_mian_resume_2_qadxj8\sample.pdf, dpi=100, model=HY, workers=None
INFO|2026-08-29 11:51:41|split done: pages=3, dir=D:\code-project\python\PToEA\data\sample, elapsed=0.0s
INFO|2026-08-29 11:51:41|starting server: model=HY, workers=4
INFO|2026-08-29 11:51:41|server ready: model=HY, elapsed=0.0s
INFO|2026-08-29 11:51:41|ocr done: total_pages=3, todo=3, excluded=0, errors=0, elapsed=0.0s
INFO|2026-08-29 11:51:41|structure done: elapsed=0.0s
INFO|2026-08-29 11:51:41|history done: elapsed=0.0s
INFO|2026-08-29 11:51:41|render done: elapsed=0.0s
INFO|2026-08-29 11:51:41|pdf_to_epub success: epub=C:\Users\Administrator\AppData\Local\Temp\test_mian_resume_2_qadxj8\out.epub, total_elapsed=0.0s
INFO|2026-08-29 11:51:41|pdf_to_epub start: pdf=C:\Users\Administrator\AppData\Local\Temp\test_mian_resume_0tst0ltz\sample.pdf, dpi=100, model=HY, workers=None
INFO|2026-08-29 11:51:41|split done: pages=3, dir=D:\code-project\python\PToEA\data\sample, elapsed=0.0s
INFO|2026-08-29 11:51:41|pdf_to_epub start: pdf=C:\Users\Administrator\AppData\Local\Temp\test_mian_resume_t4c_jex6\sample.pdf, dpi=100, model=HY, workers=None
INFO|2026-08-29 11:51:41|split done: pages=3, dir=D:\code-project\python\PToEA\data\sample, elapsed=0.0s
INFO|2026-08-29 11:51:41|starting server: model=HY, workers=4
INFO|2026-08-29 11:51:41|server ready: model=HY, elapsed=0.0s
INFO|2026-08-29 11:51:41|ocr done: total_pages=3, todo=1, excluded=0, errors=0, elapsed=0.0s
INFO|2026-08-29 11:51:41|structure done: elapsed=0.0s
INFO|2026-08-29 11:51:41|history done: elapsed=0.0s
INFO|2026-08-29 11:51:41|render done: elapsed=0.0s
INFO|2026-08-29 11:51:41|pdf_to_epub success: epub=C:\Users\Administrator\AppData\Local\Temp\test_mian_resume_t4c_jex6\out.epub, total_elapsed=0.0s
INFO|2026-08-29 11:51:41|=== ptoe start: ['python.exe -m unittest', 'test_guimanage', 'test_mian', '-v'] ===
INFO|2026-08-29 11:51:41|=== ptoe start: ['python.exe -m unittest', 'test_guimanage', 'test_mian', '-v'] ===
INFO|2026-08-29 11:51:41|=== ptoe start: ['python.exe -m unittest', 'test_guimanage', 'test_mian', '-v'] ===
INFO|2026-08-29 11:51:41|pdf_to_epub start: pdf=C:\Users\Administrator\AppData\Local\Temp\test_mian_850h3y8a\sample.pdf, dpi=100, model=HY, workers=None
INFO|2026-08-29 11:51:41|split done: pages=3, dir=D:\code-project\python\PToEA\data\sample, elapsed=0.1s
INFO|2026-08-29 11:51:41|starting server: model=HY, workers=4
INFO|2026-08-29 11:51:41|server ready: model=HY, elapsed=0.0s
INFO|2026-08-29 11:51:41|ocr done: total_pages=3, todo=3, excluded=0, errors=0, elapsed=0.0s
INFO|2026-08-29 11:51:41|structure done: elapsed=0.0s
INFO|2026-08-29 11:51:41|history done: elapsed=0.0s
INFO|2026-08-29 11:51:41|render done: elapsed=0.0s
INFO|2026-08-29 11:51:41|pdf_to_epub success: epub=C:\Users\Administrator\AppData\Local\Temp\test_mian_850h3y8a\out.epub, total_elapsed=0.1s
INFO|2026-08-29 11:51:41|=== ptoe start: ['python.exe -m unittest', 'test_guimanage', 'test_mian', '-v'] ===
INFO|2026-08-29 11:51:41|=== ptoe start: ['python.exe -m unittest', 'test_guimanage', 'test_mian', '-v'] ===
INFO|2026-08-29 11:59:24|=== ptoe start: ['mian.py', 'gui'] ===
INFO|2026-08-29 19:24:27|=== ptoe start: ['mian.py', 'gui'] ===
INFO|2026-08-29 19:24:35|=== ptoe start: ['D:\\code-project\\python\\PToEA\\mian.py', 'correct', '--lang', 'zh-CN'] ===
INFO|2026-08-29 19:28:25|=== ptoe start: ['mian.py', 'gui'] ===
INFO|2026-08-29 19:28:32|=== ptoe start: ['D:\\code-project\\python\\PToEA\\mian.py', 'correct', '--lang', 'zh-CN'] ===
INFO|2026-08-29 19:40:19|=== ptoe start: ['mian.py', 'gui'] ===
INFO|2026-08-29 19:40:26|=== ptoe start: ['D:\\code-project\\python\\PToEA\\mian.py', 'correct', '--lang', 'zh-CN'] ===
INFO|2026-08-29 20:41:17|=== ptoe start: ['python.exe -m unittest', 'test_mian', '-v'] ===
INFO|2026-08-29 20:41:17|=== ptoe start: ['python.exe -m unittest', 'test_mian', '-v'] ===
INFO|2026-08-29 20:41:17|=== ptoe start: ['python.exe -m unittest', 'test_mian', '-v'] ===
INFO|2026-08-29 20:41:17|pdf_to_epub start: pdf=C:\Users\Administrator\AppData\Local\Temp\test_mian_qn2466l6\sample.pdf, dpi=100, model=HY, workers=None
INFO|2026-08-29 20:41:17|split done: pages=3, dir=D:\code-project\python\PToEA\data\sample, elapsed=0.0s
INFO|2026-08-29 20:41:17|starting server: model=HY, workers=4
INFO|2026-08-29 20:41:17|server ready: model=HY, elapsed=0.0s
INFO|2026-08-29 20:41:17|ocr done: total_pages=3, todo=3, excluded=0, errors=0, elapsed=0.0s
INFO|2026-08-29 20:41:17|structure done: elapsed=0.0s
INFO|2026-08-29 20:41:17|history done: elapsed=0.0s
INFO|2026-08-29 20:41:17|render done: elapsed=0.0s
INFO|2026-08-29 20:41:17|pdf_to_epub success: epub=C:\Users\Administrator\AppData\Local\Temp\test_mian_qn2466l6\out.epub, total_elapsed=0.1s
INFO|2026-08-29 20:41:17|=== ptoe start: ['python.exe -m unittest', 'test_mian', '-v'] ===
INFO|2026-08-29 20:41:17|=== ptoe start: ['python.exe -m unittest', 'test_mian', '-v'] ===
INFO|2026-08-29 20:41:54|=== ptoe start: ['python.exe -m unittest', 'test_mian', '-v'] ===
INFO|2026-08-29 20:41:54|=== ptoe start: ['python.exe -m unittest', 'test_mian', '-v'] ===
INFO|2026-08-29 20:41:54|=== ptoe start: ['python.exe -m unittest', 'test_mian', '-v'] ===
INFO|2026-08-29 20:41:54|pdf_to_epub start: pdf=C:\Users\Administrator\AppData\Local\Temp\test_mian_jfx_3f9c\sample.pdf, dpi=100, model=HY, workers=None
INFO|2026-08-29 20:41:54|split done: pages=3, dir=D:\code-project\python\PToEA\data\sample, elapsed=0.0s
INFO|2026-08-29 20:41:54|starting server: model=HY, workers=4
INFO|2026-08-29 20:41:54|server ready: model=HY, elapsed=0.0s
INFO|2026-08-29 20:41:54|ocr done: total_pages=3, todo=3, excluded=0, errors=0, elapsed=0.0s
INFO|2026-08-29 20:41:54|structure done: elapsed=0.0s
INFO|2026-08-29 20:41:54|history done: elapsed=0.0s
INFO|2026-08-29 20:41:54|render done: elapsed=0.0s
INFO|2026-08-29 20:41:54|pdf_to_epub success: epub=C:\Users\Administrator\AppData\Local\Temp\test_mian_jfx_3f9c\out.epub, total_elapsed=0.1s
INFO|2026-08-29 20:41:54|=== ptoe start: ['python.exe -m unittest', 'test_mian', '-v'] ===
INFO|2026-08-29 20:41:54|=== ptoe start: ['python.exe -m unittest', 'test_mian', '-v'] ===
INFO|2026-08-29 20:46:06|=== ptoe start: ['python.exe -m unittest', 'discover', '-v'] ===
INFO|2026-08-29 20:46:06|=== ptoe start: ['python.exe -m unittest', 'discover', '-v'] ===
INFO|2026-08-29 20:46:06|pdf_to_epub start: pdf=C:\Users\Administrator\AppData\Local\Temp\test_mian_hist_jrawavlo\sample.pdf, dpi=100, model=HY, workers=None
INFO|2026-08-29 20:46:06|split done: pages=3, dir=D:\code-project\python\PToEA\data\sample, elapsed=0.0s
INFO|2026-08-29 20:46:06|starting server: model=HY, workers=4
INFO|2026-08-29 20:46:06|server ready: model=HY, elapsed=0.0s
INFO|2026-08-29 20:46:06|ocr done: total_pages=3, todo=3, excluded=0, errors=0, elapsed=0.0s
INFO|2026-08-29 20:46:06|structure done: elapsed=0.0s
INFO|2026-08-29 20:46:06|history done: elapsed=0.0s
INFO|2026-08-29 20:46:06|render done: elapsed=0.0s
INFO|2026-08-29 20:46:06|pdf_to_epub success: epub=C:\Users\Administrator\AppData\Local\Temp\test_mian_hist_jrawavlo\out.epub, total_elapsed=0.0s
INFO|2026-08-29 20:46:06|pdf_to_epub start: pdf=C:\Users\Administrator\AppData\Local\Temp\test_mian_resume_zq4s9xg3\sample.pdf, dpi=100, model=HY, workers=None
INFO|2026-08-29 20:46:06|split done: pages=3, dir=D:\code-project\python\PToEA\data\sample, elapsed=0.0s
INFO|2026-08-29 20:46:06|starting server: model=HY, workers=4
INFO|2026-08-29 20:46:06|server ready: model=HY, elapsed=0.0s
INFO|2026-08-29 20:46:06|ocr done: total_pages=3, todo=3, excluded=0, errors=0, elapsed=0.0s
INFO|2026-08-29 20:46:06|structure done: elapsed=0.0s
INFO|2026-08-29 20:46:06|history done: elapsed=0.0s
INFO|2026-08-29 20:46:06|render done: elapsed=0.0s
INFO|2026-08-29 20:46:06|pdf_to_epub success: epub=C:\Users\Administrator\AppData\Local\Temp\test_mian_resume_zq4s9xg3\out.epub, total_elapsed=0.0s
INFO|2026-08-29 20:46:06|pdf_to_epub start: pdf=C:\Users\Administrator\AppData\Local\Temp\test_mian_resume_euuusiph\sample.pdf, dpi=100, model=HY, workers=None
INFO|2026-08-29 20:46:06|split done: pages=3, dir=D:\code-project\python\PToEA\data\sample, elapsed=0.0s
INFO|2026-08-29 20:46:06|starting server: model=HY, workers=4
INFO|2026-08-29 20:46:06|server ready: model=HY, elapsed=0.0s
INFO|2026-08-29 20:46:06|ocr done: total_pages=3, todo=3, excluded=0, errors=0, elapsed=0.0s
INFO|2026-08-29 20:46:06|structure done: elapsed=0.0s
INFO|2026-08-29 20:46:07|history done: elapsed=0.0s
INFO|2026-08-29 20:46:07|render done: elapsed=0.0s
INFO|2026-08-29 20:46:07|pdf_to_epub success: epub=C:\Users\Administrator\AppData\Local\Temp\test_mian_resume_euuusiph\out.epub, total_elapsed=0.0s
INFO|2026-08-29 20:46:07|pdf_to_epub start: pdf=C:\Users\Administrator\AppData\Local\Temp\test_mian_resume_p3y162cd\sample.pdf, dpi=100, model=HY, workers=None
INFO|2026-08-29 20:46:07|split done: pages=3, dir=D:\code-project\python\PToEA\data\sample, elapsed=0.0s
INFO|2026-08-29 20:46:07|pdf_to_epub start: pdf=C:\Users\Administrator\AppData\Local\Temp\test_mian_resume_bna4vtn4\sample.pdf, dpi=100, model=HY, workers=None
INFO|2026-08-29 20:46:07|split done: pages=3, dir=D:\code-project\python\PToEA\data\sample, elapsed=0.0s
INFO|2026-08-29 20:46:07|starting server: model=HY, workers=4
INFO|2026-08-29 20:46:07|server ready: model=HY, elapsed=0.0s
INFO|2026-08-29 20:46:07|ocr done: total_pages=3, todo=1, excluded=0, errors=0, elapsed=0.0s
INFO|2026-08-29 20:46:07|structure done: elapsed=0.0s
INFO|2026-08-29 20:46:07|history done: elapsed=0.0s
INFO|2026-08-29 20:46:07|render done: elapsed=0.0s
INFO|2026-08-29 20:46:07|pdf_to_epub success: epub=C:\Users\Administrator\AppData\Local\Temp\test_mian_resume_bna4vtn4\out.epub, total_elapsed=0.0s
INFO|2026-08-29 20:46:07|=== ptoe start: ['python.exe -m unittest', 'discover', '-v'] ===
INFO|2026-08-29 20:46:07|=== ptoe start: ['python.exe -m unittest', 'discover', '-v'] ===
INFO|2026-08-29 20:46:07|=== ptoe start: ['python.exe -m unittest', 'discover', '-v'] ===
INFO|2026-08-29 20:46:07|pdf_to_epub start: pdf=C:\Users\Administrator\AppData\Local\Temp\test_mian_b2qujgu6\sample.pdf, dpi=100, model=HY, workers=None
INFO|2026-08-29 20:46:07|split done: pages=3, dir=D:\code-project\python\PToEA\data\sample, elapsed=0.1s
INFO|2026-08-29 20:46:07|starting server: model=HY, workers=4
INFO|2026-08-29 20:46:07|server ready: model=HY, elapsed=0.0s
INFO|2026-08-29 20:46:07|ocr done: total_pages=3, todo=3, excluded=0, errors=0, elapsed=0.0s
INFO|2026-08-29 20:46:07|structure done: elapsed=0.0s
INFO|2026-08-29 20:46:07|history done: elapsed=0.0s
INFO|2026-08-29 20:46:07|render done: elapsed=0.0s
INFO|2026-08-29 20:46:07|pdf_to_epub success: epub=C:\Users\Administrator\AppData\Local\Temp\test_mian_b2qujgu6\out.epub, total_elapsed=0.1s
INFO|2026-08-29 20:46:07|=== ptoe start: ['python.exe -m unittest', 'discover', '-v'] ===
INFO|2026-08-29 20:46:07|=== ptoe start: ['python.exe -m unittest', 'discover', '-v'] ===
INFO|2026-08-29 20:51:40|=== ptoe start: ['python.exe -m unittest', 'discover', '-v'] ===
INFO|2026-08-29 20:51:40|=== ptoe start: ['python.exe -m unittest', 'discover', '-v'] ===
INFO|2026-08-29 20:51:40|pdf_to_epub start: pdf=C:\Users\Administrator\AppData\Local\Temp\test_mian_hist_rha3jl1l\sample.pdf, dpi=100, model=HY, workers=None
INFO|2026-08-29 20:51:40|split done: pages=3, dir=D:\code-project\python\PToEA\data\sample, elapsed=0.0s
INFO|2026-08-29 20:51:40|starting server: model=HY, workers=4
INFO|2026-08-29 20:51:40|server ready: model=HY, elapsed=0.0s
INFO|2026-08-29 20:51:40|ocr done: total_pages=3, todo=3, excluded=0, errors=0, elapsed=0.0s
INFO|2026-08-29 20:51:40|structure done: elapsed=0.0s
INFO|2026-08-29 20:51:40|history done: elapsed=0.0s
INFO|2026-08-29 20:51:40|render done: elapsed=0.0s
INFO|2026-08-29 20:51:40|pdf_to_epub success: epub=C:\Users\Administrator\AppData\Local\Temp\test_mian_hist_rha3jl1l\out.epub, total_elapsed=0.0s
INFO|2026-08-29 20:51:40|pdf_to_epub start: pdf=C:\Users\Administrator\AppData\Local\Temp\test_mian_resume_nr8ljg20\sample.pdf, dpi=100, model=HY, workers=None
INFO|2026-08-29 20:51:40|split done: pages=3, dir=D:\code-project\python\PToEA\data\sample, elapsed=0.0s
INFO|2026-08-29 20:51:40|starting server: model=HY, workers=4
INFO|2026-08-29 20:51:40|server ready: model=HY, elapsed=0.0s
INFO|2026-08-29 20:51:40|ocr done: total_pages=3, todo=3, excluded=0, errors=0, elapsed=0.0s
INFO|2026-08-29 20:51:40|structure done: elapsed=0.0s
INFO|2026-08-29 20:51:40|history done: elapsed=0.0s
INFO|2026-08-29 20:51:40|render done: elapsed=0.0s
INFO|2026-08-29 20:51:40|pdf_to_epub success: epub=C:\Users\Administrator\AppData\Local\Temp\test_mian_resume_nr8ljg20\out.epub, total_elapsed=0.0s
INFO|2026-08-29 20:51:40|pdf_to_epub start: pdf=C:\Users\Administrator\AppData\Local\Temp\test_mian_resume_lrfm336o\sample.pdf, dpi=100, model=HY, workers=None
INFO|2026-08-29 20:51:40|split done: pages=3, dir=D:\code-project\python\PToEA\data\sample, elapsed=0.0s
INFO|2026-08-29 20:51:40|starting server: model=HY, workers=4
INFO|2026-08-29 20:51:40|server ready: model=HY, elapsed=0.0s
INFO|2026-08-29 20:51:40|ocr done: total_pages=3, todo=3, excluded=0, errors=0, elapsed=0.0s
INFO|2026-08-29 20:51:40|structure done: elapsed=0.0s
INFO|2026-08-29 20:51:40|history done: elapsed=0.0s
INFO|2026-08-29 20:51:40|render done: elapsed=0.0s
INFO|2026-08-29 20:51:40|pdf_to_epub success: epub=C:\Users\Administrator\AppData\Local\Temp\test_mian_resume_lrfm336o\out.epub, total_elapsed=0.0s
INFO|2026-08-29 20:51:41|pdf_to_epub start: pdf=C:\Users\Administrator\AppData\Local\Temp\test_mian_resume_ssmmcemm\sample.pdf, dpi=100, model=HY, workers=None
INFO|2026-08-29 20:51:41|split done: pages=3, dir=D:\code-project\python\PToEA\data\sample, elapsed=0.0s
INFO|2026-08-29 20:51:41|pdf_to_epub start: pdf=C:\Users\Administrator\AppData\Local\Temp\test_mian_resume_dgmcdsfu\sample.pdf, dpi=100, model=HY, workers=None
INFO|2026-08-29 20:51:41|split done: pages=3, dir=D:\code-project\python\PToEA\data\sample, elapsed=0.0s
INFO|2026-08-29 20:51:41|starting server: model=HY, workers=4
INFO|2026-08-29 20:51:41|server ready: model=HY, elapsed=0.0s
INFO|2026-08-29 20:51:41|ocr done: total_pages=3, todo=1, excluded=0, errors=0, elapsed=0.0s
INFO|2026-08-29 20:51:41|structure done: elapsed=0.0s
INFO|2026-08-29 20:51:41|history done: elapsed=0.0s
INFO|2026-08-29 20:51:41|render done: elapsed=0.0s
INFO|2026-08-29 20:51:41|pdf_to_epub success: epub=C:\Users\Administrator\AppData\Local\Temp\test_mian_resume_dgmcdsfu\out.epub, total_elapsed=0.0s
INFO|2026-08-29 20:51:41|=== ptoe start: ['python.exe -m unittest', 'discover', '-v'] ===
INFO|2026-08-29 20:51:41|=== ptoe start: ['python.exe -m unittest', 'discover', '-v'] ===
INFO|2026-08-29 20:51:41|=== ptoe start: ['python.exe -m unittest', 'discover', '-v'] ===
INFO|2026-08-29 20:51:41|pdf_to_epub start: pdf=C:\Users\Administrator\AppData\Local\Temp\test_mian_d6k_fhl2\sample.pdf, dpi=100, model=HY, workers=None
INFO|2026-08-29 20:51:41|split done: pages=3, dir=D:\code-project\python\PToEA\data\sample, elapsed=0.1s
INFO|2026-08-29 20:51:41|starting server: model=HY, workers=4
INFO|2026-08-29 20:51:41|server ready: model=HY, elapsed=0.0s
INFO|2026-08-29 20:51:41|ocr done: total_pages=3, todo=3, excluded=0, errors=0, elapsed=0.0s
INFO|2026-08-29 20:51:41|structure done: elapsed=0.0s
INFO|2026-08-29 20:51:41|history done: elapsed=0.0s
INFO|2026-08-29 20:51:41|render done: elapsed=0.0s
INFO|2026-08-29 20:51:41|pdf_to_epub success: epub=C:\Users\Administrator\AppData\Local\Temp\test_mian_d6k_fhl2\out.epub, total_elapsed=0.1s
INFO|2026-08-29 20:51:41|=== ptoe start: ['python.exe -m unittest', 'discover', '-v'] ===
INFO|2026-08-29 20:51:41|=== ptoe start: ['python.exe -m unittest', 'discover', '-v'] ===
INFO|2026-08-29 20:57:21|=== ptoe start: ['python.exe -m unittest', 'discover', '-v'] ===
INFO|2026-08-29 20:57:21|=== ptoe start: ['python.exe -m unittest', 'discover', '-v'] ===
INFO|2026-08-29 20:57:21|pdf_to_epub start: pdf=C:\Users\Administrator\AppData\Local\Temp\test_mian_hist_qmvtkbjo\sample.pdf, dpi=100, model=HY, workers=None
INFO|2026-08-29 20:57:21|split done: pages=3, dir=D:\code-project\python\PToEA\data\sample, elapsed=0.0s
INFO|2026-08-29 20:57:21|starting server: model=HY, workers=4
INFO|2026-08-29 20:57:21|server ready: model=HY, elapsed=0.0s
INFO|2026-08-29 20:57:21|ocr done: total_pages=3, todo=3, excluded=0, errors=0, elapsed=0.0s
INFO|2026-08-29 20:57:21|structure done: elapsed=0.0s
INFO|2026-08-29 20:57:21|history done: elapsed=0.0s
INFO|2026-08-29 20:57:21|render done: elapsed=0.0s
INFO|2026-08-29 20:57:21|pdf_to_epub success: epub=C:\Users\Administrator\AppData\Local\Temp\test_mian_hist_qmvtkbjo\out.epub, total_elapsed=0.0s
INFO|2026-08-29 20:57:21|pdf_to_epub start: pdf=C:\Users\Administrator\AppData\Local\Temp\test_mian_resume_ogbkh4cv\sample.pdf, dpi=100, model=HY, workers=None
INFO|2026-08-29 20:57:21|split done: pages=3, dir=D:\code-project\python\PToEA\data\sample, elapsed=0.0s
INFO|2026-08-29 20:57:21|starting server: model=HY, workers=4
INFO|2026-08-29 20:57:21|server ready: model=HY, elapsed=0.0s
INFO|2026-08-29 20:57:21|ocr done: total_pages=3, todo=3, excluded=0, errors=0, elapsed=0.0s
INFO|2026-08-29 20:57:21|structure done: elapsed=0.0s
INFO|2026-08-29 20:57:21|history done: elapsed=0.0s
INFO|2026-08-29 20:57:21|render done: elapsed=0.0s
INFO|2026-08-29 20:57:21|pdf_to_epub success: epub=C:\Users\Administrator\AppData\Local\Temp\test_mian_resume_ogbkh4cv\out.epub, total_elapsed=0.0s
INFO|2026-08-29 20:57:21|pdf_to_epub start: pdf=C:\Users\Administrator\AppData\Local\Temp\test_mian_resume_6jagmku6\sample.pdf, dpi=100, model=HY, workers=None
INFO|2026-08-29 20:57:21|split done: pages=3, dir=D:\code-project\python\PToEA\data\sample, elapsed=0.0s
INFO|2026-08-29 20:57:21|starting server: model=HY, workers=4
INFO|2026-08-29 20:57:21|server ready: model=HY, elapsed=0.0s
INFO|2026-08-29 20:57:21|ocr done: total_pages=3, todo=3, excluded=0, errors=0, elapsed=0.0s
INFO|2026-08-29 20:57:21|structure done: elapsed=0.0s
INFO|2026-08-29 20:57:21|history done: elapsed=0.0s
INFO|2026-08-29 20:57:21|render done: elapsed=0.0s
INFO|2026-08-29 20:57:21|pdf_to_epub success: epub=C:\Users\Administrator\AppData\Local\Temp\test_mian_resume_6jagmku6\out.epub, total_elapsed=0.0s
INFO|2026-08-29 20:57:21|pdf_to_epub start: pdf=C:\Users\Administrator\AppData\Local\Temp\test_mian_resume_tg8f13n4\sample.pdf, dpi=100, model=HY, workers=None
INFO|2026-08-29 20:57:21|split done: pages=3, dir=D:\code-project\python\PToEA\data\sample, elapsed=0.0s
INFO|2026-08-29 20:57:21|pdf_to_epub start: pdf=C:\Users\Administrator\AppData\Local\Temp\test_mian_resume_paihiofy\sample.pdf, dpi=100, model=HY, workers=None
INFO|2026-08-29 20:57:21|split done: pages=3, dir=D:\code-project\python\PToEA\data\sample, elapsed=0.0s
INFO|2026-08-29 20:57:21|starting server: model=HY, workers=4
INFO|2026-08-29 20:57:21|server ready: model=HY, elapsed=0.0s
INFO|2026-08-29 20:57:21|ocr done: total_pages=3, todo=1, excluded=0, errors=0, elapsed=0.0s
INFO|2026-08-29 20:57:21|structure done: elapsed=0.0s
INFO|2026-08-29 20:57:21|history done: elapsed=0.0s
INFO|2026-08-29 20:57:21|render done: elapsed=0.0s
INFO|2026-08-29 20:57:21|pdf_to_epub success: epub=C:\Users\Administrator\AppData\Local\Temp\test_mian_resume_paihiofy\out.epub, total_elapsed=0.0s
INFO|2026-08-29 20:57:21|=== ptoe start: ['python.exe -m unittest', 'discover', '-v'] ===
INFO|2026-08-29 20:57:21|=== ptoe start: ['python.exe -m unittest', 'discover', '-v'] ===
INFO|2026-08-29 20:57:21|=== ptoe start: ['python.exe -m unittest', 'discover', '-v'] ===
INFO|2026-08-29 20:57:21|pdf_to_epub start: pdf=C:\Users\Administrator\AppData\Local\Temp\test_mian_fxjvfq5c\sample.pdf, dpi=100, model=HY, workers=None
INFO|2026-08-29 20:57:21|split done: pages=3, dir=D:\code-project\python\PToEA\data\sample, elapsed=0.1s
INFO|2026-08-29 20:57:21|starting server: model=HY, workers=4
INFO|2026-08-29 20:57:21|server ready: model=HY, elapsed=0.0s
INFO|2026-08-29 20:57:21|ocr done: total_pages=3, todo=3, excluded=0, errors=0, elapsed=0.0s
INFO|2026-08-29 20:57:21|structure done: elapsed=0.0s
INFO|2026-08-29 20:57:21|history done: elapsed=0.0s
INFO|2026-08-29 20:57:21|render done: elapsed=0.0s
INFO|2026-08-29 20:57:21|pdf_to_epub success: epub=C:\Users\Administrator\AppData\Local\Temp\test_mian_fxjvfq5c\out.epub, total_elapsed=0.1s
INFO|2026-08-29 20:57:21|=== ptoe start: ['python.exe -m unittest', 'discover', '-v'] ===
INFO|2026-08-29 20:57:21|=== ptoe start: ['python.exe -m unittest', 'discover', '-v'] ===
INFO|2026-08-29 20:59:19|=== ptoe start: ['python.exe -m unittest', 'discover', '-v'] ===
INFO|2026-08-29 20:59:19|=== ptoe start: ['python.exe -m unittest', 'discover', '-v'] ===
INFO|2026-08-29 20:59:19|pdf_to_epub start: pdf=C:\Users\Administrator\AppData\Local\Temp\test_mian_hist_ac8m7lgy\sample.pdf, dpi=100, model=HY, workers=None
INFO|2026-08-29 20:59:19|split done: pages=3, dir=D:\code-project\python\PToEA\data\sample, elapsed=0.0s
INFO|2026-08-29 20:59:19|starting server: model=HY, workers=4
INFO|2026-08-29 20:59:19|server ready: model=HY, elapsed=0.0s
INFO|2026-08-29 20:59:19|ocr done: total_pages=3, todo=3, excluded=0, errors=0, elapsed=0.0s
INFO|2026-08-29 20:59:19|structure done: elapsed=0.0s
INFO|2026-08-29 20:59:19|history done: elapsed=0.0s
INFO|2026-08-29 20:59:19|render done: elapsed=0.0s
INFO|2026-08-29 20:59:19|pdf_to_epub success: epub=C:\Users\Administrator\AppData\Local\Temp\test_mian_hist_ac8m7lgy\out.epub, total_elapsed=0.0s
INFO|2026-08-29 20:59:19|pdf_to_epub start: pdf=C:\Users\Administrator\AppData\Local\Temp\test_mian_resume_i_9acvat\sample.pdf, dpi=100, model=HY, workers=None
INFO|2026-08-29 20:59:19|split done: pages=3, dir=D:\code-project\python\PToEA\data\sample, elapsed=0.0s
INFO|2026-08-29 20:59:19|starting server: model=HY, workers=4
INFO|2026-08-29 20:59:19|server ready: model=HY, elapsed=0.0s
INFO|2026-08-29 20:59:19|ocr done: total_pages=3, todo=3, excluded=0, errors=0, elapsed=0.0s
INFO|2026-08-29 20:59:19|structure done: elapsed=0.0s
INFO|2026-08-29 20:59:19|history done: elapsed=0.0s
INFO|2026-08-29 20:59:19|render done: elapsed=0.0s
INFO|2026-08-29 20:59:19|pdf_to_epub success: epub=C:\Users\Administrator\AppData\Local\Temp\test_mian_resume_i_9acvat\out.epub, total_elapsed=0.0s
INFO|2026-08-29 20:59:20|pdf_to_epub start: pdf=C:\Users\Administrator\AppData\Local\Temp\test_mian_resume_m7c_391e\sample.pdf, dpi=100, model=HY, workers=None
INFO|2026-08-29 20:59:20|split done: pages=3, dir=D:\code-project\python\PToEA\data\sample, elapsed=0.0s
INFO|2026-08-29 20:59:20|starting server: model=HY, workers=4
INFO|2026-08-29 20:59:20|server ready: model=HY, elapsed=0.0s
INFO|2026-08-29 20:59:20|ocr done: total_pages=3, todo=3, excluded=0, errors=0, elapsed=0.0s
INFO|2026-08-29 20:59:20|structure done: elapsed=0.0s
INFO|2026-08-29 20:59:20|history done: elapsed=0.0s
INFO|2026-08-29 20:59:20|render done: elapsed=0.0s
INFO|2026-08-29 20:59:20|pdf_to_epub success: epub=C:\Users\Administrator\AppData\Local\Temp\test_mian_resume_m7c_391e\out.epub, total_elapsed=0.0s
INFO|2026-08-29 20:59:20|pdf_to_epub start: pdf=C:\Users\Administrator\AppData\Local\Temp\test_mian_resume_a1ieteu8\sample.pdf, dpi=100, model=HY, workers=None
INFO|2026-08-29 20:59:20|split done: pages=3, dir=D:\code-project\python\PToEA\data\sample, elapsed=0.0s
INFO|2026-08-29 20:59:20|pdf_to_epub start: pdf=C:\Users\Administrator\AppData\Local\Temp\test_mian_resume_sse0mxcl\sample.pdf, dpi=100, model=HY, workers=None
INFO|2026-08-29 20:59:20|split done: pages=3, dir=D:\code-project\python\PToEA\data\sample, elapsed=0.0s
INFO|2026-08-29 20:59:20|starting server: model=HY, workers=4
INFO|2026-08-29 20:59:20|server ready: model=HY, elapsed=0.0s
INFO|2026-08-29 20:59:20|ocr done: total_pages=3, todo=1, excluded=0, errors=0, elapsed=0.0s
INFO|2026-08-29 20:59:20|structure done: elapsed=0.0s
INFO|2026-08-29 20:59:20|history done: elapsed=0.0s
INFO|2026-08-29 20:59:20|render done: elapsed=0.0s
INFO|2026-08-29 20:59:20|pdf_to_epub success: epub=C:\Users\Administrator\AppData\Local\Temp\test_mian_resume_sse0mxcl\out.epub, total_elapsed=0.0s
INFO|2026-08-29 20:59:20|=== ptoe start: ['python.exe -m unittest', 'discover', '-v'] ===
INFO|2026-08-29 20:59:20|=== ptoe start: ['python.exe -m unittest', 'discover', '-v'] ===
INFO|2026-08-29 20:59:20|=== ptoe start: ['python.exe -m unittest', 'discover', '-v'] ===
INFO|2026-08-29 20:59:20|pdf_to_epub start: pdf=C:\Users\Administrator\AppData\Local\Temp\test_mian_9bb554sy\sample.pdf, dpi=100, model=HY, workers=None
INFO|2026-08-29 20:59:20|split done: pages=3, dir=D:\code-project\python\PToEA\data\sample, elapsed=0.1s
INFO|2026-08-29 20:59:20|starting server: model=HY, workers=4
INFO|2026-08-29 20:59:20|server ready: model=HY, elapsed=0.0s
INFO|2026-08-29 20:59:20|ocr done: total_pages=3, todo=3, excluded=0, errors=0, elapsed=0.0s
INFO|2026-08-29 20:59:20|structure done: elapsed=0.0s
INFO|2026-08-29 20:59:20|history done: elapsed=0.0s
INFO|2026-08-29 20:59:20|render done: elapsed=0.0s
INFO|2026-08-29 20:59:20|pdf_to_epub success: epub=C:\Users\Administrator\AppData\Local\Temp\test_mian_9bb554sy\out.epub, total_elapsed=0.1s
INFO|2026-08-29 20:59:20|=== ptoe start: ['python.exe -m unittest', 'discover', '-v'] ===
INFO|2026-08-29 20:59:20|=== ptoe start: ['python.exe -m unittest', 'discover', '-v'] ===
INFO|2026-08-29 21:00:50|=== ptoe start: ['mian.py', 'gui'] ===
INFO|2026-08-29 21:01:10|=== ptoe start: ['D:\\code-project\\python\\PToEA\\mian.py', 'correct', '--lang', 'zh-CN'] ===
INFO|2026-08-29 21:08:38|=== ptoe start: ['mian.py', 'gui'] ===
INFO|2026-08-29 21:08:47|=== ptoe start: ['D:\\code-project\\python\\PToEA\\mian.py', 'correct', '--lang', 'zh-CN'] ===
INFO|2026-08-29 21:13:52|=== ptoe start: ['mian.py', 'gui'] ===
INFO|2026-08-29 21:13:58|=== ptoe start: ['D:\\code-project\\python\\PToEA\\mian.py', 'correct', '--lang', 'zh-CN'] ===
INFO|2026-08-30 06:38:06|=== ptoe start: ['python.exe -m unittest', 'discover'] ===
INFO|2026-08-30 06:38:06|=== ptoe start: ['python.exe -m unittest', 'discover'] ===
INFO|2026-08-30 06:38:06|pdf_to_epub start: pdf=C:\Users\Administrator\AppData\Local\Temp\test_mian_hist_knkuzmc0\sample.pdf, dpi=100, model=HY, workers=None
INFO|2026-08-30 06:38:06|split done: pages=3, dir=D:\code-project\python\PToEA\data\sample, elapsed=0.0s
INFO|2026-08-30 06:38:06|starting server: model=HY, workers=4
INFO|2026-08-30 06:38:06|server ready: model=HY, elapsed=0.0s
INFO|2026-08-30 06:38:06|ocr done: total_pages=3, todo=3, excluded=0, errors=0, elapsed=0.0s
INFO|2026-08-30 06:38:06|structure done: elapsed=0.0s
INFO|2026-08-30 06:38:06|history done: elapsed=0.0s
INFO|2026-08-30 06:38:06|render done: elapsed=0.0s
INFO|2026-08-30 06:38:06|pdf_to_epub success: epub=C:\Users\Administrator\AppData\Local\Temp\test_mian_hist_knkuzmc0\out.epub, total_elapsed=0.0s
INFO|2026-08-30 06:38:06|pdf_to_epub start: pdf=C:\Users\Administrator\AppData\Local\Temp\test_mian_resume_ymdeif52\sample.pdf, dpi=100, model=HY, workers=None
INFO|2026-08-30 06:38:06|split done: pages=3, dir=D:\code-project\python\PToEA\data\sample, elapsed=0.0s
INFO|2026-08-30 06:38:06|starting server: model=HY, workers=4
INFO|2026-08-30 06:38:06|server ready: model=HY, elapsed=0.0s
INFO|2026-08-30 06:38:06|ocr done: total_pages=3, todo=3, excluded=0, errors=0, elapsed=0.0s
INFO|2026-08-30 06:38:06|structure done: elapsed=0.0s
INFO|2026-08-30 06:38:06|history done: elapsed=0.0s
INFO|2026-08-30 06:38:06|render done: elapsed=0.0s
INFO|2026-08-30 06:38:06|pdf_to_epub success: epub=C:\Users\Administrator\AppData\Local\Temp\test_mian_resume_ymdeif52\out.epub, total_elapsed=0.0s
INFO|2026-08-30 06:38:06|pdf_to_epub start: pdf=C:\Users\Administrator\AppData\Local\Temp\test_mian_resume_7ww71q8i\sample.pdf, dpi=100, model=HY, workers=None
INFO|2026-08-30 06:38:06|split done: pages=3, dir=D:\code-project\python\PToEA\data\sample, elapsed=0.0s
INFO|2026-08-30 06:38:06|starting server: model=HY, workers=4
INFO|2026-08-30 06:38:06|server ready: model=HY, elapsed=0.0s
INFO|2026-08-30 06:38:06|ocr done: total_pages=3, todo=3, excluded=0, errors=0, elapsed=0.0s
INFO|2026-08-30 06:38:06|structure done: elapsed=0.0s
INFO|2026-08-30 06:38:06|history done: elapsed=0.0s
INFO|2026-08-30 06:38:06|render done: elapsed=0.0s
INFO|2026-08-30 06:38:06|pdf_to_epub success: epub=C:\Users\Administrator\AppData\Local\Temp\test_mian_resume_7ww71q8i\out.epub, total_elapsed=0.0s
INFO|2026-08-30 06:38:06|pdf_to_epub start: pdf=C:\Users\Administrator\AppData\Local\Temp\test_mian_resume_ldmmpeju\sample.pdf, dpi=100, model=HY, workers=None
INFO|2026-08-30 06:38:06|split done: pages=3, dir=D:\code-project\python\PToEA\data\sample, elapsed=0.0s
INFO|2026-08-30 06:38:06|pdf_to_epub start: pdf=C:\Users\Administrator\AppData\Local\Temp\test_mian_resume_llo6ej86\sample.pdf, dpi=100, model=HY, workers=None
INFO|2026-08-30 06:38:06|split done: pages=3, dir=D:\code-project\python\PToEA\data\sample, elapsed=0.0s
INFO|2026-08-30 06:38:06|starting server: model=HY, workers=4
INFO|2026-08-30 06:38:06|server ready: model=HY, elapsed=0.0s
INFO|2026-08-30 06:38:06|ocr done: total_pages=3, todo=1, excluded=0, errors=0, elapsed=0.0s
INFO|2026-08-30 06:38:06|structure done: elapsed=0.0s
INFO|2026-08-30 06:38:06|history done: elapsed=0.0s
INFO|2026-08-30 06:38:06|render done: elapsed=0.0s
INFO|2026-08-30 06:38:06|pdf_to_epub success: epub=C:\Users\Administrator\AppData\Local\Temp\test_mian_resume_llo6ej86\out.epub, total_elapsed=0.0s
INFO|2026-08-30 06:38:06|=== ptoe start: ['python.exe -m unittest', 'discover'] ===
INFO|2026-08-30 06:38:06|=== ptoe start: ['python.exe -m unittest', 'discover'] ===
INFO|2026-08-30 06:38:06|=== ptoe start: ['python.exe -m unittest', 'discover'] ===
INFO|2026-08-30 06:38:06|pdf_to_epub start: pdf=C:\Users\Administrator\AppData\Local\Temp\test_mian_97v7z6x4\sample.pdf, dpi=100, model=HY, workers=None
INFO|2026-08-30 06:38:06|split done: pages=3, dir=D:\code-project\python\PToEA\data\sample, elapsed=0.0s
INFO|2026-08-30 06:38:06|starting server: model=HY, workers=4
INFO|2026-08-30 06:38:06|server ready: model=HY, elapsed=0.0s
INFO|2026-08-30 06:38:06|ocr done: total_pages=3, todo=3, excluded=0, errors=0, elapsed=0.0s
INFO|2026-08-30 06:38:06|structure done: elapsed=0.0s
INFO|2026-08-30 06:38:06|history done: elapsed=0.0s
INFO|2026-08-30 06:38:06|render done: elapsed=0.0s
INFO|2026-08-30 06:38:06|pdf_to_epub success: epub=C:\Users\Administrator\AppData\Local\Temp\test_mian_97v7z6x4\out.epub, total_elapsed=0.0s
INFO|2026-08-30 06:38:06|=== ptoe start: ['python.exe -m unittest', 'discover'] ===
INFO|2026-08-30 06:38:06|=== ptoe start: ['python.exe -m unittest', 'discover'] ===
INFO|2026-08-30 06:45:15|=== ptoe start: ['python.exe -m unittest', 'discover'] ===
INFO|2026-08-30 06:45:15|=== ptoe start: ['python.exe -m unittest', 'discover'] ===
INFO|2026-08-30 06:45:15|pdf_to_epub start: pdf=C:\Users\Administrator\AppData\Local\Temp\test_mian_hist_hrxebn65\sample.pdf, dpi=100, model=HY, workers=None
INFO|2026-08-30 06:45:15|split done: pages=3, dir=D:\code-project\python\PToEA\data\sample, elapsed=0.0s
INFO|2026-08-30 06:45:15|starting server: model=HY, workers=4
INFO|2026-08-30 06:45:15|server ready: model=HY, elapsed=0.0s
INFO|2026-08-30 06:45:15|ocr done: total_pages=3, todo=3, excluded=0, errors=0, elapsed=0.0s
INFO|2026-08-30 06:45:15|structure done: elapsed=0.0s
INFO|2026-08-30 06:45:15|history done: elapsed=0.0s
INFO|2026-08-30 06:45:15|render done: elapsed=0.0s
INFO|2026-08-30 06:45:15|pdf_to_epub success: epub=C:\Users\Administrator\AppData\Local\Temp\test_mian_hist_hrxebn65\out.epub, total_elapsed=0.0s
INFO|2026-08-30 06:45:15|pdf_to_epub start: pdf=C:\Users\Administrator\AppData\Local\Temp\test_mian_resume_mrc5cf32\sample.pdf, dpi=100, model=HY, workers=None
INFO|2026-08-30 06:45:15|split done: pages=3, dir=D:\code-project\python\PToEA\data\sample, elapsed=0.0s
INFO|2026-08-30 06:45:15|starting server: model=HY, workers=4
INFO|2026-08-30 06:45:15|server ready: model=HY, elapsed=0.0s
INFO|2026-08-30 06:45:15|ocr done: total_pages=3, todo=3, excluded=0, errors=0, elapsed=0.0s
INFO|2026-08-30 06:45:15|structure done: elapsed=0.0s
INFO|2026-08-30 06:45:15|history done: elapsed=0.0s
INFO|2026-08-30 06:45:15|render done: elapsed=0.0s
INFO|2026-08-30 06:45:15|pdf_to_epub success: epub=C:\Users\Administrator\AppData\Local\Temp\test_mian_resume_mrc5cf32\out.epub, total_elapsed=0.0s
INFO|2026-08-30 06:45:15|pdf_to_epub start: pdf=C:\Users\Administrator\AppData\Local\Temp\test_mian_resume_3khnqx3s\sample.pdf, dpi=100, model=HY, workers=None
INFO|2026-08-30 06:45:15|split done: pages=3, dir=D:\code-project\python\PToEA\data\sample, elapsed=0.0s
INFO|2026-08-30 06:45:15|starting server: model=HY, workers=4
INFO|2026-08-30 06:45:15|server ready: model=HY, elapsed=0.0s
INFO|2026-08-30 06:45:15|ocr done: total_pages=3, todo=3, excluded=0, errors=0, elapsed=0.0s
INFO|2026-08-30 06:45:15|structure done: elapsed=0.0s
INFO|2026-08-30 06:45:15|history done: elapsed=0.0s
INFO|2026-08-30 06:45:16|render done: elapsed=0.0s
INFO|2026-08-30 06:45:16|pdf_to_epub success: epub=C:\Users\Administrator\AppData\Local\Temp\test_mian_resume_3khnqx3s\out.epub, total_elapsed=0.0s
INFO|2026-08-30 06:45:16|pdf_to_epub start: pdf=C:\Users\Administrator\AppData\Local\Temp\test_mian_resume_xzhm_x85\sample.pdf, dpi=100, model=HY, workers=None
INFO|2026-08-30 06:45:16|split done: pages=3, dir=D:\code-project\python\PToEA\data\sample, elapsed=0.0s
INFO|2026-08-30 06:45:16|pdf_to_epub start: pdf=C:\Users\Administrator\AppData\Local\Temp\test_mian_resume_off61pa9\sample.pdf, dpi=100, model=HY, workers=None
INFO|2026-08-30 06:45:16|split done: pages=3, dir=D:\code-project\python\PToEA\data\sample, elapsed=0.0s
INFO|2026-08-30 06:45:16|starting server: model=HY, workers=4
INFO|2026-08-30 06:45:16|server ready: model=HY, elapsed=0.0s
INFO|2026-08-30 06:45:16|ocr done: total_pages=3, todo=1, excluded=0, errors=0, elapsed=0.0s
INFO|2026-08-30 06:45:16|structure done: elapsed=0.0s
INFO|2026-08-30 06:45:16|history done: elapsed=0.0s
INFO|2026-08-30 06:45:16|render done: elapsed=0.0s
INFO|2026-08-30 06:45:16|pdf_to_epub success: epub=C:\Users\Administrator\AppData\Local\Temp\test_mian_resume_off61pa9\out.epub, total_elapsed=0.0s
INFO|2026-08-30 06:45:16|=== ptoe start: ['python.exe -m unittest', 'discover'] ===
INFO|2026-08-30 06:45:16|=== ptoe start: ['python.exe -m unittest', 'discover'] ===
INFO|2026-08-30 06:45:16|=== ptoe start: ['python.exe -m unittest', 'discover'] ===
INFO|2026-08-30 06:45:16|pdf_to_epub start: pdf=C:\Users\Administrator\AppData\Local\Temp\test_mian_ibvrciga\sample.pdf, dpi=100, model=HY, workers=None
INFO|2026-08-30 06:45:16|split done: pages=3, dir=D:\code-project\python\PToEA\data\sample, elapsed=0.0s
INFO|2026-08-30 06:45:16|starting server: model=HY, workers=4
INFO|2026-08-30 06:45:16|server ready: model=HY, elapsed=0.0s
INFO|2026-08-30 06:45:16|ocr done: total_pages=3, todo=3, excluded=0, errors=0, elapsed=0.0s
INFO|2026-08-30 06:45:16|structure done: elapsed=0.0s
INFO|2026-08-30 06:45:16|history done: elapsed=0.0s
INFO|2026-08-30 06:45:16|render done: elapsed=0.0s
INFO|2026-08-30 06:45:16|pdf_to_epub success: epub=C:\Users\Administrator\AppData\Local\Temp\test_mian_ibvrciga\out.epub, total_elapsed=0.1s
INFO|2026-08-30 06:45:16|=== ptoe start: ['python.exe -m unittest', 'discover'] ===
INFO|2026-08-30 06:45:16|=== ptoe start: ['python.exe -m unittest', 'discover'] ===
INFO|2026-08-30 06:59:49|=== ptoe start: ['mian.py', 'gui'] ===
INFO|2026-08-30 07:00:11|=== ptoe start: ['D:\\code-project\\python\\PToEA\\mian.py', 'correct', '--lang', 'zh-CN'] ===
INFO|2026-08-30 08:07:00|=== ptoe start: ['mian.py', 'gui'] ===
INFO|2026-08-30 08:07:06|=== ptoe start: ['D:\\code-project\\python\\PToEA\\mian.py', 'correct', '--lang', 'zh-CN'] ===
INFO|2026-08-30 08:38:03|=== ptoe start: ['mian.py', 'gui'] ===
INFO|2026-08-30 08:38:10|=== ptoe start: ['D:\\code-project\\python\\PToEA\\mian.py', 'correct', '--lang', 'zh-CN'] ===
INFO|2026-08-30 09:16:26|=== ptoe start: ['mian.py', 'gui'] ===
INFO|2026-08-30 09:16:32|=== ptoe start: ['D:\\code-project\\python\\PToEA\\mian.py', 'correct', '--lang', 'zh-CN'] ===
INFO|2026-08-30 09:33:48|=== ptoe start: ['mian.py', 'gui'] ===
INFO|2026-08-30 09:33:54|=== ptoe start: ['D:\\code-project\\python\\PToEA\\mian.py', 'correct', '--lang', 'zh-CN'] ===
INFO|2026-08-30 09:46:05|=== ptoe start: ['python.exe -m unittest', 'test_stringmanage', 'test_pdfmanage', 'test_llamamanage', 'test_mian'] ===
INFO|2026-08-30 09:46:05|=== ptoe start: ['python.exe -m unittest', 'test_stringmanage', 'test_pdfmanage', 'test_llamamanage', 'test_mian'] ===
INFO|2026-08-30 09:46:05|=== ptoe start: ['python.exe -m unittest', 'test_stringmanage', 'test_pdfmanage', 'test_llamamanage', 'test_mian'] ===
INFO|2026-08-30 09:46:05|pdf_to_epub start: pdf=C:\Users\Administrator\AppData\Local\Temp\test_mian_nb8fzdml\sample.pdf, dpi=100, model=HY, workers=None
INFO|2026-08-30 09:46:05|split done: pages=3, dir=D:\code-project\python\PToEA\data\sample, elapsed=0.1s
INFO|2026-08-30 09:46:05|starting server: model=HY, workers=4
INFO|2026-08-30 09:46:05|server ready: model=HY, elapsed=0.0s
INFO|2026-08-30 09:46:05|ocr done: total_pages=3, todo=3, excluded=0, errors=0, elapsed=0.0s
INFO|2026-08-30 09:46:05|structure done: elapsed=0.0s
INFO|2026-08-30 09:46:05|history done: elapsed=0.0s
INFO|2026-08-30 09:46:05|render done: elapsed=0.0s
INFO|2026-08-30 09:46:05|pdf_to_epub success: epub=C:\Users\Administrator\AppData\Local\Temp\test_mian_nb8fzdml\out.epub, total_elapsed=0.1s
INFO|2026-08-30 09:46:06|=== ptoe start: ['python.exe -m unittest', 'test_stringmanage', 'test_pdfmanage', 'test_llamamanage', 'test_mian'] ===
INFO|2026-08-30 09:46:06|=== ptoe start: ['python.exe -m unittest', 'test_stringmanage', 'test_pdfmanage', 'test_llamamanage', 'test_mian'] ===
INFO|2026-08-30 09:50:26|=== ptoe start: ['mian.py', 'gui'] ===
INFO|2026-08-30 09:50:32|=== ptoe start: ['D:\\code-project\\python\\PToEA\\mian.py', 'correct', '--lang', 'zh-CN'] ===
INFO|2026-08-30 10:44:55|=== ptoe start: ['mian.py', 'gui'] ===
INFO|2026-08-30 10:45:07|=== ptoe start: ['D:\\code-project\\python\\PToEA\\mian.py', 'correct', '--lang', 'zh-CN'] ===
INFO|2026-08-30 11:18:34|=== ptoe start: ['mian.py', 'gui'] ===
INFO|2026-08-30 11:18:41|=== ptoe start: ['D:\\code-project\\python\\PToEA\\mian.py', 'correct', '--lang', 'zh-CN'] ===
INFO|2026-08-30 11:22:54|=== ptoe start: ['mian.py', 'gui'] ===
INFO|2026-08-30 11:23:00|=== ptoe start: ['D:\\code-project\\python\\PToEA\\mian.py', 'correct', '--lang', 'zh-CN'] ===
INFO|2026-08-30 11:51:06|=== ptoe start: ['python.exe -m unittest', 'test_mian'] ===
INFO|2026-08-30 11:51:06|=== ptoe start: ['python.exe -m unittest', 'test_mian'] ===
INFO|2026-08-30 11:51:06|=== ptoe start: ['python.exe -m unittest', 'test_mian'] ===
INFO|2026-08-30 11:51:06|pdf_to_epub start: pdf=C:\Users\Administrator\AppData\Local\Temp\test_mian_srxaz9kz\sample.pdf, dpi=100, model=HY, workers=None
INFO|2026-08-30 11:51:06|split done: pages=3, dir=D:\code-project\python\PToEA\data\sample, elapsed=0.1s
INFO|2026-08-30 11:51:06|starting server: model=HY, workers=4
INFO|2026-08-30 11:51:06|server ready: model=HY, elapsed=0.0s
INFO|2026-08-30 11:51:06|ocr done: total_pages=3, todo=3, excluded=0, errors=0, elapsed=0.0s
INFO|2026-08-30 11:51:06|structure done: elapsed=0.0s
INFO|2026-08-30 11:51:06|history done: elapsed=0.0s
INFO|2026-08-30 11:51:06|render done: elapsed=0.0s
INFO|2026-08-30 11:51:06|pdf_to_epub success: epub=C:\Users\Administrator\AppData\Local\Temp\test_mian_srxaz9kz\out.epub, total_elapsed=0.1s
INFO|2026-08-30 11:51:06|=== ptoe start: ['python.exe -m unittest', 'test_mian'] ===
INFO|2026-08-30 11:51:06|=== ptoe start: ['python.exe -m unittest', 'test_mian'] ===
INFO|2026-08-30 11:52:38|=== ptoe start: ['python.exe -m unittest', 'test_mian'] ===
INFO|2026-08-30 11:52:38|=== ptoe start: ['python.exe -m unittest', 'test_mian'] ===
INFO|2026-08-30 11:52:38|=== ptoe start: ['python.exe -m unittest', 'test_mian'] ===
INFO|2026-08-30 11:52:38|pdf_to_epub start: pdf=C:\Users\Administrator\AppData\Local\Temp\test_mian_0ce93c79\sample.pdf, dpi=100, model=HY, workers=None
INFO|2026-08-30 11:52:38|split done: pages=3, dir=D:\code-project\python\PToEA\data\sample, elapsed=0.1s
INFO|2026-08-30 11:52:38|starting server: model=HY, workers=4
INFO|2026-08-30 11:52:38|server ready: model=HY, elapsed=0.0s
INFO|2026-08-30 11:52:38|ocr done: total_pages=3, todo=3, excluded=0, errors=0, elapsed=0.0s
INFO|2026-08-30 11:52:38|structure done: elapsed=0.0s
INFO|2026-08-30 11:52:38|history done: elapsed=0.0s
INFO|2026-08-30 11:52:38|render done: elapsed=0.0s
INFO|2026-08-30 11:52:38|pdf_to_epub success: epub=C:\Users\Administrator\AppData\Local\Temp\test_mian_0ce93c79\out.epub, total_elapsed=0.1s
INFO|2026-08-30 11:52:38|=== ptoe start: ['python.exe -m unittest', 'test_mian'] ===
INFO|2026-08-30 11:52:38|=== ptoe start: ['python.exe -m unittest', 'test_mian'] ===
INFO|2026-08-30 11:59:57|=== ptoe start: ['mian.py', 'gui'] ===
INFO|2026-08-30 12:00:06|=== ptoe start: ['D:\\code-project\\python\\PToEA\\mian.py', 'correct', '--lang', 'zh-CN'] ===
INFO|2026-08-30 12:23:57|=== ptoe start: ['mian.py', 'gui'] ===
INFO|2026-08-30 12:24:03|=== ptoe start: ['D:\\code-project\\python\\PToEA\\mian.py', 'correct', '--lang', 'zh-CN'] ===
INFO|2026-08-30 12:49:24|=== ptoe start: ['mian.py', 'gui'] ===
INFO|2026-08-30 12:49:30|=== ptoe start: ['D:\\code-project\\python\\PToEA\\mian.py', 'correct', '--lang', 'zh-CN'] ===
INFO|2026-08-30 13:24:09|=== ptoe start: ['mian.py', 'gui'] ===
INFO|2026-08-30 13:24:24|=== ptoe start: ['D:\\code-project\\python\\PToEA\\mian.py', 'correct', '--lang', 'zh-CN'] ===
INFO|2026-08-30 13:52:22|=== ptoe start: ['mian.py', 'gui'] ===
INFO|2026-08-30 13:52:33|=== ptoe start: ['D:\\code-project\\python\\PToEA\\mian.py', 'correct', '--lang', 'zh-CN'] ===
INFO|2026-08-30 14:38:05|=== ptoe start: ['mian.py', 'gui'] ===
INFO|2026-08-30 14:38:11|=== ptoe start: ['D:\\code-project\\python\\PToEA\\mian.py', 'correct', '--lang', 'zh-CN'] ===
INFO|2026-08-30 14:57:25|=== ptoe start: ['mian.py', 'gui'] ===
INFO|2026-08-30 16:06:37|=== ptoe start: ['D:\\code-project\\python\\PToEA\\mian.py', 'correct', '--lang', 'zh-CN'] ===
INFO|2026-08-30 22:45:13|=== ptoe start: ['mian.py', 'gui'] ===
INFO|2026-08-30 22:45:19|=== ptoe start: ['D:\\code-project\\python\\PToEA\\mian.py', 'correct', '--lang', 'zh-CN'] ===
INFO|2026-08-31 06:55:28|=== ptoe start: ['mian.py', 'gui'] ===
INFO|2026-08-31 06:55:45|=== ptoe start: ['D:\\code-project\\python\\PToEA\\mian.py', 'correct', '--lang', 'zh-CN'] ===
INFO|2026-08-31 09:00:35|=== ptoe start: ['D:\\code-project\\python\\PToEA\\mian.py', 'epub', 'E:/MYBooks/books/历史/建国以来毛泽东文稿/建国以来毛泽东文稿(2023新版) 04 (中共中央党史和文献研究院编) (z-library.sk, 1lib.sk, z-lib.sk).pdf', '--dpi', '1', '--model', 'DOTS8', '--workers', '5', '--timeout', '600', '--lang', 'zh-CN'] ===
INFO|2026-08-31 09:00:36|pdf_to_epub start: pdf=E:\MYBooks\books\历史\建国以来毛泽东文稿\建国以来毛泽东文稿(2023新版) 04 (中共中央党史和文献研究院编) (z-library.sk, 1lib.sk, z-lib.sk).pdf, dpi=150, model=DOTS8, workers=5
INFO|2026-08-31 09:00:49|split done: pages=547, dir=D:\code-project\python\PToEA\data\建国以来毛泽东文稿(2023新版) 04 (中共中央党史和文献研究院编) (z-library.sk, 1lib.sk, z-lib.sk), elapsed=13.8s
INFO|2026-08-31 09:00:49|starting server: model=DOTS8, workers=5
INFO|2026-08-31 09:01:12|server ready: model=DOTS8, elapsed=22.2s
INFO|2026-08-31 09:33:38|ocr done: total_pages=547, todo=547, excluded=0, errors=0, elapsed=1946.1s
INFO|2026-08-31 09:33:38|structure done: elapsed=0.0s
INFO|2026-08-31 09:33:38|history done: elapsed=0.0s
INFO|2026-08-31 09:33:47|render done: elapsed=9.3s
INFO|2026-08-31 09:33:47|pdf_to_epub success: epub=D:\code-project\python\PToEA\data\建国以来毛泽东文稿(2023新版) 04 (中共中央党史和文献研究院编) (z-library.sk, 1lib.sk, z-lib.sk)\建国以来毛泽东文稿(2023新版).epub, total_elapsed=1991.6s
INFO|2026-08-31 09:33:55|=== ptoe start: ['D:\\code-project\\python\\PToEA\\mian.py', 'correct', 'E:/MYBooks/books/历史/建国以来毛泽东文稿/建国以来毛泽东文稿(2023新版) 04 (中共中央党史和文献研究院编) (z-library.sk, 1lib.sk, z-lib.sk).pdf', '--lang', 'zh-CN'] ===
INFO|2026-08-31 09:37:34|=== ptoe start: ['D:\\code-project\\python\\PToEA\\mian.py', 'epub', 'E:/MYBooks/books/历史/建国以来毛泽东文稿/建国以来毛泽东文稿(2023新版) 05 (中共中央党史和文献研究院编) (z-library.sk, 1lib.sk, z-lib.sk).pdf', '--dpi', '1', '--model', 'DOTS8', '--workers', '5', '--timeout', '600', '--lang', 'zh-CN', '--exclude', '1-30'] ===
INFO|2026-08-31 09:37:34|pdf_to_epub start: pdf=E:\MYBooks\books\历史\建国以来毛泽东文稿\建国以来毛泽东文稿(2023新版) 05 (中共中央党史和文献研究院编) (z-library.sk, 1lib.sk, z-lib.sk).pdf, dpi=150, model=DOTS8, workers=5
INFO|2026-08-31 09:37:48|split done: pages=553, dir=D:\code-project\python\PToEA\data\建国以来毛泽东文稿(2023新版) 05 (中共中央党史和文献研究院编) (z-library.sk, 1lib.sk, z-lib.sk), elapsed=14.2s
INFO|2026-08-31 09:37:48|exclude pages: [1, 2, 3, 4, 5, 6, 7, 8, 9, 10, 11, 12, 13, 14, 15, 16, 17, 18, 19, 20, 21, 22, 23, 24, 25, 26, 27, 28, 29, 30] (count=30)
INFO|2026-08-31 09:37:48|starting server: model=DOTS8, workers=5
INFO|2026-08-31 09:37:48|server ready: model=DOTS8, elapsed=0.0s
INFO|2026-08-31 10:08:28|ocr done: total_pages=553, todo=523, excluded=30, errors=0, elapsed=1839.2s
INFO|2026-08-31 10:08:28|structure done: elapsed=0.0s
INFO|2026-08-31 10:08:28|history done: elapsed=0.0s
INFO|2026-08-31 10:08:37|render done: elapsed=9.8s
INFO|2026-08-31 10:08:37|pdf_to_epub success: epub=D:\code-project\python\PToEA\data\建国以来毛泽东文稿(2023新版) 05 (中共中央党史和文献研究院编) (z-library.sk, 1lib.sk, z-lib.sk)\建国以来毛泽东文稿(2023新版).epub, total_elapsed=1863.4s
INFO|2026-08-31 10:08:44|=== ptoe start: ['D:\\code-project\\python\\PToEA\\mian.py', 'correct', 'E:/MYBooks/books/历史/建国以来毛泽东文稿/建国以来毛泽东文稿(2023新版) 05 (中共中央党史和文献研究院编) (z-library.sk, 1lib.sk, z-lib.sk).pdf', '--lang', 'zh-CN'] ===
INFO|2026-08-31 10:11:12|=== ptoe start: ['D:\\code-project\\python\\PToEA\\mian.py', 'epub', 'E:/MYBooks/books/历史/建国以来毛泽东文稿/建国以来毛泽东文稿(2023新版) 06 (中共中央党史和文献研究院编) (z-library.sk, 1lib.sk, z-lib.sk).pdf', '--dpi', '1', '--model', 'DOTS8', '--workers', '5', '--timeout', '600', '--lang', 'zh-CN', '--exclude', '1-30'] ===
INFO|2026-08-31 10:11:12|pdf_to_epub start: pdf=E:\MYBooks\books\历史\建国以来毛泽东文稿\建国以来毛泽东文稿(2023新版) 06 (中共中央党史和文献研究院编) (z-library.sk, 1lib.sk, z-lib.sk).pdf, dpi=150, model=DOTS8, workers=5
INFO|2026-08-31 10:11:26|split done: pages=529, dir=D:\code-project\python\PToEA\data\建国以来毛泽东文稿(2023新版) 06 (中共中央党史和文献研究院编) (z-library.sk, 1lib.sk, z-lib.sk), elapsed=13.2s
INFO|2026-08-31 10:11:26|exclude pages: [1, 2, 3, 4, 5, 6, 7, 8, 9, 10, 11, 12, 13, 14, 15, 16, 17, 18, 19, 20, 21, 22, 23, 24, 25, 26, 27, 28, 29, 30] (count=30)
INFO|2026-08-31 10:11:26|starting server: model=DOTS8, workers=5
INFO|2026-08-31 10:11:26|server ready: model=DOTS8, elapsed=0.0s
INFO|2026-08-31 10:12:57|=== ptoe start: ['D:\\code-project\\python\\PToEA\\mian.py', 'epub', 'E:/MYBooks/books/历史/建国以来毛泽东文稿/建国以来毛泽东文稿(2023新版) 06 (中共中央党史和文献研究院编) (z-library.sk, 1lib.sk, z-lib.sk).pdf', '--dpi', '1', '--model', 'DOTS8', '--workers', '5', '--timeout', '600', '--lang', 'zh-CN', '--exclude', '1-4,7-28'] ===
INFO|2026-08-31 10:12:57|pdf_to_epub start: pdf=E:\MYBooks\books\历史\建国以来毛泽东文稿\建国以来毛泽东文稿(2023新版) 06 (中共中央党史和文献研究院编) (z-library.sk, 1lib.sk, z-lib.sk).pdf, dpi=150, model=DOTS8, workers=5
INFO|2026-08-31 10:13:10|split done: pages=529, dir=D:\code-project\python\PToEA\data\建国以来毛泽东文稿(2023新版) 06 (中共中央党史和文献研究院编) (z-library.sk, 1lib.sk, z-lib.sk), elapsed=13.5s
INFO|2026-08-31 10:13:10|exclude pages: [1, 2, 3, 4, 7, 8, 9, 10, 11, 12, 13, 14, 15, 16, 17, 18, 19, 20, 21, 22, 23, 24, 25, 26, 27, 28] (count=26)
INFO|2026-08-31 10:13:10|starting server: model=DOTS8, workers=5
INFO|2026-08-31 10:13:10|server ready: model=DOTS8, elapsed=0.0s
INFO|2026-08-31 10:42:27|ocr done: total_pages=529, todo=503, excluded=26, errors=0, elapsed=1756.9s
INFO|2026-08-31 10:42:27|structure done: elapsed=0.0s
INFO|2026-08-31 10:42:27|history done: elapsed=0.0s
INFO|2026-08-31 10:42:36|render done: elapsed=8.7s
INFO|2026-08-31 10:42:36|pdf_to_epub success: epub=D:\code-project\python\PToEA\data\建国以来毛泽东文稿(2023新版) 06 (中共中央党史和文献研究院编) (z-library.sk, 1lib.sk, z-lib.sk)\建国以来毛泽东文稿(2023新版).epub, total_elapsed=1779.3s
INFO|2026-08-31 10:51:17|=== ptoe start: ['D:\\code-project\\python\\PToEA\\mian.py', 'correct', 'E:/MYBooks/books/历史/建国以来毛泽东文稿/建国以来毛泽东文稿(2023新版) 06 (中共中央党史和文献研究院编) (z-library.sk, 1lib.sk, z-lib.sk).pdf', '--lang', 'zh-CN'] ===
INFO|2026-08-31 10:52:44|=== ptoe start: ['D:\\code-project\\python\\PToEA\\mian.py', 'correct', 'E:/MYBooks/books/历史/建国以来毛泽东文稿/建国以来毛泽东文稿(2023新版) 06 (中共中央党史和文献研究院编) (z-library.sk, 1lib.sk, z-lib.sk).pdf', '--lang', 'zh-CN'] ===
INFO|2026-08-31 10:54:27|=== ptoe start: ['D:\\code-project\\python\\PToEA\\mian.py', 'epub', 'E:/MYBooks/books/毛泽东思想/《毛泽东思想万岁》武汉钢二司编 第二卷.pdf', '--dpi', '1', '--model', 'DOTS8', '--workers', '4', '--timeout', '600', '--lang', 'zh-CN', '--exclude', '1-4,7-28'] ===
INFO|2026-08-31 10:54:28|pdf_to_epub start: pdf=E:\MYBooks\books\毛泽东思想\《毛泽东思想万岁》武汉钢二司编 第二卷.pdf, dpi=150, model=DOTS8, workers=4
INFO|2026-08-31 10:54:31|split done: pages=281, dir=D:\code-project\python\PToEA\data\《毛泽东思想万岁》武汉钢二司编 第二卷, elapsed=3.2s
INFO|2026-08-31 10:54:31|exclude pages: [1, 2, 3, 4, 7, 8, 9, 10, 11, 12, 13, 14, 15, 16, 17, 18, 19, 20, 21, 22, 23, 24, 25, 26, 27, 28] (count=26)
INFO|2026-08-31 10:54:31|starting server: model=DOTS8, workers=4
INFO|2026-08-31 10:54:31|server ready: model=DOTS8, elapsed=0.0s
INFO|2026-08-31 10:55:19|=== ptoe start: ['D:\\code-project\\python\\PToEA\\mian.py', 'epub', 'E:/MYBooks/books/毛泽东思想/《毛泽东思想万岁》武汉钢二司编 第二卷.pdf', '--dpi', '1', '--model', 'DOTS8', '--workers', '4', '--timeout', '600', '--lang', 'zh-CN', '--exclude', '1-5'] ===
INFO|2026-08-31 10:55:19|pdf_to_epub start: pdf=E:\MYBooks\books\毛泽东思想\《毛泽东思想万岁》武汉钢二司编 第二卷.pdf, dpi=150, model=DOTS8, workers=4
INFO|2026-08-31 10:55:19|split done: pages=281, dir=D:\code-project\python\PToEA\data\《毛泽东思想万岁》武汉钢二司编 第二卷, elapsed=0.0s
INFO|2026-08-31 10:55:19|exclude pages: [1, 2, 3, 4, 5] (count=5)
INFO|2026-08-31 10:55:23|starting server: model=DOTS8, workers=4
INFO|2026-08-31 10:55:23|server ready: model=DOTS8, elapsed=0.0s
ERROR|2026-08-31 11:09:06|page 153 OCR failed: 500 Server Error: Internal Server Error for url: http://127.0.0.1:8080/v1/chat/completions
INFO|2026-08-31 11:20:06|ocr done: total_pages=281, todo=276, excluded=5, errors=1, elapsed=1483.3s
INFO|2026-08-31 11:20:06|structure done: elapsed=0.1s
INFO|2026-08-31 11:20:06|history done: elapsed=0.1s
INFO|2026-08-31 11:20:07|render done: elapsed=0.9s
INFO|2026-08-31 11:20:07|pdf_to_epub success: epub=D:\code-project\python\PToEA\data\《毛泽东思想万岁》武汉钢二司编 第二卷\毛泽东思想万岁（1943—1949）.epub, total_elapsed=1487.9s
INFO|2026-08-31 11:20:35|=== ptoe start: ['D:\\code-project\\python\\PToEA\\mian.py', 'correct', 'E:/MYBooks/books/毛泽东思想/《毛泽东思想万岁》武汉钢二司编 第二卷.pdf', '--lang', 'zh-CN'] ===
INFO|2026-08-31 14:55:55|=== ptoe start: ['mian.py', 'gui'] ===
INFO|2026-08-31 14:56:07|=== ptoe start: ['D:\\code-project\\python\\PToEA\\mian.py', 'correct', '--lang', 'zh-CN'] ===
INFO|2026-09-01 08:42:11|=== ptoe start: ['mian.py', 'gui'] ===
INFO|2026-09-01 08:42:18|=== ptoe start: ['D:\\code-project\\python\\PToEA\\mian.py', 'correct', '--lang', 'zh-CN'] ===
INFO|2026-09-01 08:48:55|=== ptoe start: ['mian.py', 'gui'] ===
INFO|2026-09-01 08:49:01|=== ptoe start: ['D:\\code-project\\python\\PToEA\\mian.py', 'correct', '--lang', 'zh-CN'] ===
INFO|2026-09-01 08:59:53|=== ptoe start: ['python.exe -m unittest', 'test_guimanage', '-v'] ===
INFO|2026-09-01 08:59:53|=== ptoe start: ['python.exe -m unittest', 'test_guimanage', '-v'] ===
INFO|2026-09-01 09:02:16|=== ptoe start: ['mian.py', 'gui'] ===
INFO|2026-09-01 09:02:23|=== ptoe start: ['D:\\code-project\\python\\PToEA\\mian.py', 'correct', '--lang', 'zh-CN'] ===
INFO|2026-09-01 09:17:24|=== ptoe start: ['mian.py', 'gui'] ===
INFO|2026-09-01 09:17:31|=== ptoe start: ['D:\\code-project\\python\\PToEA\\mian.py', 'correct', '--lang', 'zh-CN'] ===
INFO|2026-09-01 09:24:28|=== ptoe start: ['mian.py', 'gui'] ===
INFO|2026-09-01 09:24:34|=== ptoe start: ['D:\\code-project\\python\\PToEA\\mian.py', 'correct', '--lang', 'zh-CN'] ===
INFO|2026-09-01 09:58:01|=== ptoe start: ['mian.py', 'gui'] ===
INFO|2026-09-01 09:58:07|=== ptoe start: ['D:\\code-project\\python\\PToEA\\mian.py', 'correct', '--lang', 'zh-CN'] ===
INFO|2026-09-01 11:45:28|=== ptoe start: ['mian.py', 'gui'] ===
INFO|2026-09-01 11:47:44|=== ptoe start: ['D:\\code-project\\python\\PToEA\\mian.py', 'correct', '--lang', 'zh-CN'] ===
INFO|2026-09-01 11:54:25|=== ptoe start: ['mian.py', 'gui'] ===
INFO|2026-09-01 12:17:58|=== ptoe start: ['mian.py', 'gui'] ===
INFO|2026-09-01 12:18:06|=== ptoe start: ['D:\\code-project\\python\\PToEA\\mian.py', 'correct', '--lang', 'zh-CN'] ===
INFO|2026-09-01 12:36:52|=== ptoe start: ['mian.py', 'gui'] ===
INFO|2026-09-01 12:36:58|=== ptoe start: ['D:\\code-project\\python\\PToEA\\mian.py', 'correct', '--lang', 'zh-CN'] ===
INFO|2026-09-01 13:40:28|=== ptoe start: ['mian.py', 'gui'] ===
INFO|2026-09-01 13:40:37|=== ptoe start: ['D:\\code-project\\python\\PToEA\\mian.py', 'correct', '--lang', 'zh-CN'] ===
INFO|2026-09-01 14:00:54|=== ptoe start: ['mian.py', 'gui'] ===
INFO|2026-09-01 14:01:01|=== ptoe start: ['D:\\code-project\\python\\PToEA\\mian.py', 'correct', '--lang', 'zh-CN'] ===
INFO|2026-09-01 15:12:49|=== ptoe start: ['mian.py', 'gui'] ===
INFO|2026-09-01 15:12:57|=== ptoe start: ['D:\\code-project\\python\\PToEA\\mian.py', 'correct', '--lang', 'zh-CN'] ===
INFO|2026-09-02 13:56:33|=== ptoe start: ['mian.py', 'gui'] ===
INFO|2026-09-02 13:57:03|=== ptoe start: ['D:\\code-project\\python\\PToEA\\mian.py', 'correct', '--lang', 'zh-CN'] ===
INFO|2026-09-03 16:58:57|=== ptoe start: ['python.exe -m unittest', 'test_stringmanage', 'test_pdfmanage', 'test_llamamanage', 'test_vllmmanage', 'test_mian', 'test_guimanage'] ===
INFO|2026-09-03 16:58:57|=== ptoe start: ['python.exe -m unittest', 'test_stringmanage', 'test_pdfmanage', 'test_llamamanage', 'test_vllmmanage', 'test_mian', 'test_guimanage'] ===
INFO|2026-09-03 16:59:16|=== ptoe start: ['python.exe -m unittest', 'test_stringmanage', 'test_pdfmanage', 'test_llamamanage', 'test_vllmmanage', 'test_mian', 'test_guimanage'] ===
INFO|2026-09-03 16:59:16|=== ptoe start: ['python.exe -m unittest', 'test_stringmanage', 'test_pdfmanage', 'test_llamamanage', 'test_vllmmanage', 'test_mian', 'test_guimanage'] ===
INFO|2026-09-03 16:59:53|=== ptoe start: ['python.exe -m unittest', 'test_stringmanage', 'test_llamamanage', 'test_guimanage'] ===
INFO|2026-09-03 16:59:53|=== ptoe start: ['python.exe -m unittest', 'test_stringmanage', 'test_llamamanage', 'test_guimanage'] ===
INFO|2026-09-03 17:26:59|=== ptoe start: ['mian.py', 'gui'] ===
INFO|2026-09-04 22:43:03|=== ptoe start: ['python.exe -m unittest', 'test_mian'] ===
INFO|2026-09-04 22:43:03|=== ptoe start: ['python.exe -m unittest', 'test_mian'] ===
INFO|2026-09-04 22:43:03|=== ptoe start: ['python.exe -m unittest', 'test_mian'] ===
INFO|2026-09-04 22:43:03|pdf_to_epub start: pdf=C:\Users\ADMINI~1\AppData\Local\Temp\test_mian_f5jsk_gy\sample.pdf, dpi=100, model=HY, workers=None
INFO|2026-09-04 22:43:03|split done: pages=3, dir=D:\code-project\python\PToEA\data\sample, elapsed=0.0s
INFO|2026-09-04 22:43:03|starting server: model=HY, workers=4
INFO|2026-09-04 22:43:03|server ready: model=HY, elapsed=0.0s
INFO|2026-09-04 22:43:03|ocr done: total_pages=3, todo=3, excluded=0, errors=0, elapsed=0.0s
INFO|2026-09-04 22:43:03|structure done: elapsed=0.0s
INFO|2026-09-04 22:43:03|history done: elapsed=0.0s
INFO|2026-09-04 22:43:03|render done: elapsed=0.0s
INFO|2026-09-04 22:43:03|pdf_to_epub success: epub=C:\Users\Administrator\AppData\Local\Temp\test_mian_f5jsk_gy\out.epub, total_elapsed=0.0s
INFO|2026-09-04 22:43:03|=== ptoe start: ['python.exe -m unittest', 'test_mian'] ===
INFO|2026-09-04 22:43:03|=== ptoe start: ['python.exe -m unittest', 'test_mian'] ===
INFO|2026-09-04 22:47:53|=== ptoe start: ['python.exe -m unittest', 'discover', '-v'] ===
INFO|2026-09-04 22:47:53|=== ptoe start: ['python.exe -m unittest', 'discover', '-v'] ===
INFO|2026-09-04 22:47:53|pdf_to_epub start: pdf=C:\Users\ADMINI~1\AppData\Local\Temp\test_mian_hist_14e49lv7\sample.pdf, dpi=100, model=HY, workers=None
INFO|2026-09-04 22:47:53|split done: pages=3, dir=D:\code-project\python\PToEA\data\sample, elapsed=0.0s
INFO|2026-09-04 22:47:53|starting server: model=HY, workers=4
INFO|2026-09-04 22:47:53|server ready: model=HY, elapsed=0.0s
INFO|2026-09-04 22:47:53|ocr done: total_pages=3, todo=3, excluded=0, errors=0, elapsed=0.0s
INFO|2026-09-04 22:47:53|structure done: elapsed=0.0s
INFO|2026-09-04 22:47:53|history done: elapsed=0.0s
INFO|2026-09-04 22:47:53|render done: elapsed=0.0s
INFO|2026-09-04 22:47:53|pdf_to_epub success: epub=C:\Users\Administrator\AppData\Local\Temp\test_mian_hist_14e49lv7\out.epub, total_elapsed=0.0s
INFO|2026-09-04 22:47:53|pdf_to_epub start: pdf=C:\Users\ADMINI~1\AppData\Local\Temp\test_mian_resume_s9x0txf8\sample.pdf, dpi=100, model=HY, workers=None
INFO|2026-09-04 22:47:53|split done: pages=3, dir=D:\code-project\python\PToEA\data\sample, elapsed=0.0s
INFO|2026-09-04 22:47:53|starting server: model=HY, workers=4
INFO|2026-09-04 22:47:53|server ready: model=HY, elapsed=0.0s
INFO|2026-09-04 22:47:53|ocr done: total_pages=3, todo=3, excluded=0, errors=0, elapsed=0.0s
INFO|2026-09-04 22:47:53|structure done: elapsed=0.0s
INFO|2026-09-04 22:47:53|history done: elapsed=0.0s
INFO|2026-09-04 22:47:53|render done: elapsed=0.0s
INFO|2026-09-04 22:47:53|pdf_to_epub success: epub=C:\Users\Administrator\AppData\Local\Temp\test_mian_resume_s9x0txf8\out.epub, total_elapsed=0.0s
INFO|2026-09-04 22:47:53|pdf_to_epub start: pdf=C:\Users\ADMINI~1\AppData\Local\Temp\test_mian_resume_w6bjv598\sample.pdf, dpi=100, model=HY, workers=None
INFO|2026-09-04 22:47:53|split done: pages=3, dir=D:\code-project\python\PToEA\data\sample, elapsed=0.0s
INFO|2026-09-04 22:47:53|starting server: model=HY, workers=4
INFO|2026-09-04 22:47:53|server ready: model=HY, elapsed=0.0s
INFO|2026-09-04 22:47:53|ocr done: total_pages=3, todo=3, excluded=0, errors=0, elapsed=0.0s
INFO|2026-09-04 22:47:53|structure done: elapsed=0.0s
INFO|2026-09-04 22:47:53|history done: elapsed=0.0s
INFO|2026-09-04 22:47:53|render done: elapsed=0.0s
INFO|2026-09-04 22:47:53|pdf_to_epub success: epub=C:\Users\Administrator\AppData\Local\Temp\test_mian_resume_w6bjv598\out.epub, total_elapsed=0.0s
INFO|2026-09-04 22:47:53|pdf_to_epub start: pdf=C:\Users\ADMINI~1\AppData\Local\Temp\test_mian_resume_gt8c9v3b\sample.pdf, dpi=100, model=HY, workers=None
INFO|2026-09-04 22:47:53|split done: pages=3, dir=D:\code-project\python\PToEA\data\sample, elapsed=0.0s
INFO|2026-09-04 22:47:53|pdf_to_epub start: pdf=C:\Users\ADMINI~1\AppData\Local\Temp\test_mian_resume_alb0flvk\sample.pdf, dpi=100, model=HY, workers=None
INFO|2026-09-04 22:47:53|split done: pages=3, dir=D:\code-project\python\PToEA\data\sample, elapsed=0.0s
INFO|2026-09-04 22:47:53|starting server: model=HY, workers=4
INFO|2026-09-04 22:47:53|server ready: model=HY, elapsed=0.0s
INFO|2026-09-04 22:47:53|ocr done: total_pages=3, todo=1, excluded=0, errors=0, elapsed=0.0s
INFO|2026-09-04 22:47:53|structure done: elapsed=0.0s
INFO|2026-09-04 22:47:53|history done: elapsed=0.0s
INFO|2026-09-04 22:47:53|render done: elapsed=0.0s
INFO|2026-09-04 22:47:53|pdf_to_epub success: epub=C:\Users\Administrator\AppData\Local\Temp\test_mian_resume_alb0flvk\out.epub, total_elapsed=0.0s
INFO|2026-09-04 22:47:53|=== ptoe start: ['python.exe -m unittest', 'discover', '-v'] ===
INFO|2026-09-04 22:47:53|=== ptoe start: ['python.exe -m unittest', 'discover', '-v'] ===
INFO|2026-09-04 22:47:53|=== ptoe start: ['python.exe -m unittest', 'discover', '-v'] ===
INFO|2026-09-04 22:47:53|pdf_to_epub start: pdf=C:\Users\ADMINI~1\AppData\Local\Temp\test_mian_z_t_h3cz\sample.pdf, dpi=100, model=HY, workers=None
INFO|2026-09-04 22:47:53|split done: pages=3, dir=D:\code-project\python\PToEA\data\sample, elapsed=0.0s
INFO|2026-09-04 22:47:53|starting server: model=HY, workers=4
INFO|2026-09-04 22:47:53|server ready: model=HY, elapsed=0.0s
INFO|2026-09-04 22:47:53|ocr done: total_pages=3, todo=3, excluded=0, errors=0, elapsed=0.0s
INFO|2026-09-04 22:47:53|structure done: elapsed=0.0s
INFO|2026-09-04 22:47:53|history done: elapsed=0.0s
INFO|2026-09-04 22:47:53|render done: elapsed=0.0s
INFO|2026-09-04 22:47:53|pdf_to_epub success: epub=C:\Users\Administrator\AppData\Local\Temp\test_mian_z_t_h3cz\out.epub, total_elapsed=0.0s
INFO|2026-09-04 22:47:53|=== ptoe start: ['python.exe -m unittest', 'discover', '-v'] ===
INFO|2026-09-04 22:47:53|=== ptoe start: ['python.exe -m unittest', 'discover', '-v'] ===
INFO|2026-09-04 22:59:31|=== ptoe start: ['python.exe -m unittest', 'test_guimanage'] ===
INFO|2026-09-04 22:59:31|=== ptoe start: ['python.exe -m unittest', 'test_guimanage'] ===
INFO|2026-09-04 23:15:40|=== ptoe start: ['python.exe -m unittest', 'test_guimanage'] ===
INFO|2026-09-04 23:15:40|=== ptoe start: ['python.exe -m unittest', 'test_guimanage'] ===
INFO|2026-09-04 23:15:58|=== ptoe start: ['python.exe -m unittest', 'test_mian'] ===
INFO|2026-09-04 23:15:58|=== ptoe start: ['python.exe -m unittest', 'test_mian'] ===
INFO|2026-09-04 23:15:58|=== ptoe start: ['python.exe -m unittest', 'test_mian'] ===
INFO|2026-09-04 23:15:58|pdf_to_epub start: pdf=C:\Users\ADMINI~1\AppData\Local\Temp\test_mian_8jybc8ty\sample.pdf, dpi=100, model=HY, workers=None
INFO|2026-09-04 23:15:58|split done: pages=3, dir=D:\code-project\python\PToEA\data\sample, elapsed=0.0s
INFO|2026-09-04 23:15:58|starting server: model=HY, workers=4
INFO|2026-09-04 23:15:58|server ready: model=HY, elapsed=0.0s
INFO|2026-09-04 23:15:58|ocr done: total_pages=3, todo=3, excluded=0, errors=0, elapsed=0.0s
INFO|2026-09-04 23:15:58|structure done: elapsed=0.0s
INFO|2026-09-04 23:15:58|history done: elapsed=0.0s
INFO|2026-09-04 23:15:58|render done: elapsed=0.0s
INFO|2026-09-04 23:15:58|pdf_to_epub success: epub=C:\Users\Administrator\AppData\Local\Temp\test_mian_8jybc8ty\out.epub, total_elapsed=0.0s
INFO|2026-09-04 23:15:58|=== ptoe start: ['python.exe -m unittest', 'test_mian'] ===
INFO|2026-09-04 23:15:58|=== ptoe start: ['python.exe -m unittest', 'test_mian'] ===
INFO|2026-09-04 23:16:20|=== ptoe start: ['python.exe -m unittest', 'test_mian'] ===
INFO|2026-09-04 23:16:20|=== ptoe start: ['python.exe -m unittest', 'test_mian'] ===
INFO|2026-09-04 23:16:20|=== ptoe start: ['python.exe -m unittest', 'test_mian'] ===
INFO|2026-09-04 23:16:20|pdf_to_epub start: pdf=C:\Users\ADMINI~1\AppData\Local\Temp\test_mian_jin_fm3t\sample.pdf, dpi=100, model=HY, workers=None
INFO|2026-09-04 23:16:20|split done: pages=3, dir=D:\code-project\python\PToEA\data\sample, elapsed=0.0s
INFO|2026-09-04 23:16:20|starting server: model=HY, workers=4
INFO|2026-09-04 23:16:20|server ready: model=HY, elapsed=0.0s
INFO|2026-09-04 23:16:20|ocr done: total_pages=3, todo=3, excluded=0, errors=0, elapsed=0.0s
INFO|2026-09-04 23:16:20|structure done: elapsed=0.0s
INFO|2026-09-04 23:16:20|history done: elapsed=0.0s
INFO|2026-09-04 23:16:20|render done: elapsed=0.0s
INFO|2026-09-04 23:16:20|pdf_to_epub success: epub=C:\Users\Administrator\AppData\Local\Temp\test_mian_jin_fm3t\out.epub, total_elapsed=0.0s
INFO|2026-09-04 23:16:20|=== ptoe start: ['python.exe -m unittest', 'test_mian'] ===
INFO|2026-09-04 23:16:20|=== ptoe start: ['python.exe -m unittest', 'test_mian'] ===
INFO|2026-09-04 23:20:13|=== ptoe start: ['mian.py', 'gui'] ===
INFO|2026-09-04 23:20:18|=== ptoe start: ['mian.py', 'gui'] ===
INFO|2026-09-04 23:21:01|=== ptoe start: ['mian.py', 'gui'] ===
INFO|2026-09-05 07:25:35|=== ptoe start: ['mian.py', 'gui'] ===
INFO|2026-09-05 07:37:03|=== ptoe start: ['mian.py', 'gui', '--no-browser', '--idle-timeout', '20'] ===
INFO|2026-09-05 07:38:29|=== ptoe start: ['python.exe -m unittest', 'test_guimanage.TestBrowserGone', 'test_guimanage.TestBrowserGoneGuard', 'test_guimanage.TestMianWiring', 'test_correctmanage.TestBrowserGoneMonitor', 'test_correctmanage.TestPdfToEpubWithCorrection'] ===
INFO|2026-09-05 07:38:29|=== ptoe start: ['python.exe -m unittest', 'test_guimanage.TestBrowserGone', 'test_guimanage.TestBrowserGoneGuard', 'test_guimanage.TestMianWiring', 'test_correctmanage.TestBrowserGoneMonitor', 'test_correctmanage.TestPdfToEpubWithCorrection'] ===
INFO|2026-09-05 07:38:31|pdf_to_epub start: pdf=C:\Users\ADMINI~1\AppData\Local\Temp\test_correct_mian_k8gvssa9\sample.pdf, dpi=100, model=HY, workers=None
INFO|2026-09-05 07:38:31|split done: pages=3, dir=D:\code-project\python\PToEA\data\sample, elapsed=0.2s
INFO|2026-09-05 07:38:31|starting server: model=HY, workers=4
INFO|2026-09-05 07:38:31|server ready: model=HY, elapsed=0.0s
INFO|2026-09-05 07:38:31|ocr done: total_pages=3, todo=3, excluded=0, errors=0, elapsed=0.0s
INFO|2026-09-05 07:38:31|structure done: elapsed=0.0s
INFO|2026-09-05 07:38:31|correct done: elapsed=0.0s
INFO|2026-09-05 07:38:31|pdf_to_epub success: epub=C:\Users\Administrator\AppData\Local\Temp\test_correct_mian_k8gvssa9\out.epub, total_elapsed=0.2s
INFO|2026-09-05 07:38:47|=== ptoe start: ['python.exe -m unittest', 'test_guimanage.TestBrowserGone', 'test_guimanage.TestBrowserGoneGuard', 'test_guimanage.TestMianWiring', 'test_correctmanage.TestBrowserGoneMonitor', 'test_correctmanage.TestPdfToEpubWithCorrection'] ===
INFO|2026-09-05 07:38:47|=== ptoe start: ['python.exe -m unittest', 'test_guimanage.TestBrowserGone', 'test_guimanage.TestBrowserGoneGuard', 'test_guimanage.TestMianWiring', 'test_correctmanage.TestBrowserGoneMonitor', 'test_correctmanage.TestPdfToEpubWithCorrection'] ===
INFO|2026-09-05 07:38:49|pdf_to_epub start: pdf=C:\Users\ADMINI~1\AppData\Local\Temp\test_correct_mian_0e_4bk8e\sample.pdf, dpi=100, model=HY, workers=None
INFO|2026-09-05 07:38:50|split done: pages=3, dir=D:\code-project\python\PToEA\data\sample, elapsed=0.2s
INFO|2026-09-05 07:38:50|starting server: model=HY, workers=4
INFO|2026-09-05 07:38:50|server ready: model=HY, elapsed=0.0s
INFO|2026-09-05 07:38:50|ocr done: total_pages=3, todo=3, excluded=0, errors=0, elapsed=0.0s
INFO|2026-09-05 07:38:50|structure done: elapsed=0.0s
INFO|2026-09-05 07:38:50|correct done: elapsed=0.0s
INFO|2026-09-05 07:38:50|pdf_to_epub success: epub=C:\Users\Administrator\AppData\Local\Temp\test_correct_mian_0e_4bk8e\out.epub, total_elapsed=0.2s
INFO|2026-09-05 07:42:30|=== ptoe start: ['mian.py', 'gui'] ===
INFO|2026-09-05 08:15:03|=== ptoe start: ['python.exe -m unittest', 'test_guimanage', '-v'] ===
INFO|2026-09-05 08:15:03|=== ptoe start: ['python.exe -m unittest', 'test_guimanage', '-v'] ===
INFO|2026-09-05 08:19:15|=== ptoe start: ['python.exe -m unittest', 'test_mian', '-v'] ===
INFO|2026-09-05 08:19:15|=== ptoe start: ['python.exe -m unittest', 'test_mian', '-v'] ===
INFO|2026-09-05 08:20:06|=== ptoe start: ['python.exe -m unittest', 'test_guimanage.TestGuiConfigPost', 'test_guimanage.TestMianWiring', '-v'] ===
INFO|2026-09-05 08:20:06|=== ptoe start: ['python.exe -m unittest', 'test_guimanage.TestGuiConfigPost', 'test_guimanage.TestMianWiring', '-v'] ===
INFO|2026-09-05 08:22:00|=== ptoe start: ['python.exe -m unittest', 'test_guimanage'] ===
INFO|2026-09-05 08:22:00|=== ptoe start: ['python.exe -m unittest', 'test_guimanage'] ===
INFO|2026-09-05 08:27:33|=== ptoe start: ['python.exe -m unittest', 'test_guimanage.TestOpenDisplay', 'test_guimanage.TestGuiConfigPost', 'test_correctmanage.TestOpenDisplay', 'test_mian'] ===
INFO|2026-09-05 08:27:33|=== ptoe start: ['python.exe -m unittest', 'test_guimanage.TestOpenDisplay', 'test_guimanage.TestGuiConfigPost', 'test_correctmanage.TestOpenDisplay', 'test_mian'] ===
INFO|2026-09-05 08:27:33|=== ptoe start: ['python.exe -m unittest', 'test_guimanage.TestOpenDisplay', 'test_guimanage.TestGuiConfigPost', 'test_correctmanage.TestOpenDisplay', 'test_mian'] ===
INFO|2026-09-05 08:27:33|pdf_to_epub start: pdf=C:\Users\ADMINI~1\AppData\Local\Temp\test_mian_e5djtc_7\sample.pdf, dpi=100, model=HY, workers=None
INFO|2026-09-05 08:27:33|split done: pages=3, dir=D:\code-project\python\PToEA\data\sample, elapsed=0.0s
INFO|2026-09-05 08:27:33|starting server: model=HY, workers=4
INFO|2026-09-05 08:27:33|server ready: model=HY, elapsed=0.0s
INFO|2026-09-05 08:27:33|ocr done: total_pages=3, todo=3, excluded=0, errors=0, elapsed=0.0s
INFO|2026-09-05 08:27:33|structure done: elapsed=0.0s
INFO|2026-09-05 08:27:33|history done: elapsed=0.0s
INFO|2026-09-05 08:27:33|render done: elapsed=0.0s
INFO|2026-09-05 08:27:33|pdf_to_epub success: epub=C:\Users\Administrator\AppData\Local\Temp\test_mian_e5djtc_7\out.epub, total_elapsed=0.0s
INFO|2026-09-05 08:27:33|=== ptoe start: ['python.exe -m unittest', 'test_guimanage.TestOpenDisplay', 'test_guimanage.TestGuiConfigPost', 'test_correctmanage.TestOpenDisplay', 'test_mian'] ===
INFO|2026-09-05 08:27:33|=== ptoe start: ['python.exe -m unittest', 'test_guimanage.TestOpenDisplay', 'test_guimanage.TestGuiConfigPost', 'test_correctmanage.TestOpenDisplay', 'test_mian'] ===
INFO|2026-09-05 08:31:12|=== ptoe start: ['mian.py', 'gui', '--idle-timeout', '60'] ===
INFO|2026-09-05 08:31:37|=== ptoe start: ['mian.py', 'config', 'set', 'gui_display', 'evil'] ===
INFO|2026-09-05 08:31:38|=== ptoe start: ['mian.py', 'config', 'show'] ===
INFO|2026-09-05 08:31:57|=== ptoe start: ['mian.py', 'config', 'show'] ===
INFO|2026-09-05 08:32:12|=== ptoe start: ['mian.py', 'config', 'show'] ===
INFO|2026-09-05 08:32:20|=== ptoe start: ['mian.py', 'config', 'set', 'gui_display', 'browser'] ===
INFO|2026-09-05 08:32:37|=== ptoe start: ['mian.py', 'config', 'set', 'gui_display', 'pywebview'] ===
INFO|2026-09-05 08:35:59|=== ptoe start: ['mian.py', 'gui'] ===
INFO|2026-09-05 08:36:09|=== ptoe start: ['D:\\code-project\\python\\PToEA\\mian.py', 'correct', '--lang', 'zh-CN'] ===
INFO|2026-09-05 09:19:17|=== ptoe start: ['python.exe -m unittest', 'test_guimanage'] ===
INFO|2026-09-05 09:19:17|=== ptoe start: ['python.exe -m unittest', 'test_guimanage'] ===
INFO|2026-09-05 09:27:00|=== ptoe start: ['python.exe -m unittest', 'test_guimanage'] ===
INFO|2026-09-05 09:27:01|=== ptoe start: ['python.exe -m unittest', 'test_guimanage'] ===
INFO|2026-09-05 09:30:29|=== ptoe start: ['python.exe -m unittest', 'test_mian'] ===
INFO|2026-09-05 09:30:29|=== ptoe start: ['python.exe -m unittest', 'test_mian'] ===
INFO|2026-09-05 09:31:17|=== ptoe start: ['python.exe -m unittest', 'test_mian'] ===
INFO|2026-09-05 09:31:17|=== ptoe start: ['python.exe -m unittest', 'test_mian'] ===
INFO|2026-09-05 09:34:04|=== ptoe start: ['python.exe -m unittest', 'test_mian'] ===
INFO|2026-09-05 09:34:04|=== ptoe start: ['python.exe -m unittest', 'test_mian'] ===
INFO|2026-09-05 09:34:04|=== ptoe start: ['python.exe -m unittest', 'test_mian'] ===
INFO|2026-09-05 09:34:04|pdf_to_epub start: pdf=C:\Users\ADMINI~1\AppData\Local\Temp\test_mian_bcopc5mv\sample.pdf, dpi=100, model=HY, workers=None
INFO|2026-09-05 09:34:04|split done: pages=3, dir=D:\code-project\python\PToEA\data\sample, elapsed=0.1s
INFO|2026-09-05 09:34:04|starting server: model=HY, workers=4
INFO|2026-09-05 09:34:04|server ready: model=HY, elapsed=0.0s
INFO|2026-09-05 09:34:04|ocr done: total_pages=3, todo=3, excluded=0, errors=0, elapsed=0.0s
INFO|2026-09-05 09:34:04|structure done: elapsed=0.0s
INFO|2026-09-05 09:34:04|history done: elapsed=0.0s
INFO|2026-09-05 09:34:04|render done: elapsed=0.0s
INFO|2026-09-05 09:34:04|pdf_to_epub success: epub=C:\Users\Administrator\AppData\Local\Temp\test_mian_bcopc5mv\out.epub, total_elapsed=0.1s
INFO|2026-09-05 09:34:04|=== ptoe start: ['python.exe -m unittest', 'test_mian'] ===
INFO|2026-09-05 09:34:04|=== ptoe start: ['python.exe -m unittest', 'test_mian'] ===
INFO|2026-09-05 09:36:33|=== ptoe start: ['python.exe -m unittest', 'test_guimanage'] ===
INFO|2026-09-05 09:36:33|=== ptoe start: ['python.exe -m unittest', 'test_guimanage'] ===
INFO|2026-09-05 09:52:40|=== ptoe start: ['python.exe -m unittest', 'test_guimanage'] ===
INFO|2026-09-05 09:52:40|=== ptoe start: ['python.exe -m unittest', 'test_guimanage'] ===
INFO|2026-09-05 09:54:46|=== ptoe start: ['mian.py', 'config', 'set', 'tabs_position', 'bottom'] ===
INFO|2026-09-05 09:54:46|=== ptoe start: ['mian.py', 'config', 'set', 'tabs_position', 'evil'] ===
INFO|2026-09-05 09:54:47|=== ptoe start: ['mian.py', 'config', 'set', 'tabs_position', 'top'] ===
INFO|2026-09-05 09:54:54|=== ptoe start: ['mian.py', 'gui', '--idle-timeout', '120'] ===
INFO|2026-09-05 09:55:12|=== ptoe start: ['mian.py', 'correct', '--idle-timeout', '120'] ===
INFO|2026-09-05 09:55:21|=== ptoe start: ['mian.py', 'correct', '--correct-timeout', '120'] ===
INFO|2026-09-05 10:04:18|=== ptoe start: ['python.exe -m unittest', 'test_guimanage'] ===
INFO|2026-09-05 10:04:18|=== ptoe start: ['python.exe -m unittest', 'test_guimanage'] ===
INFO|2026-09-05 10:04:46|=== ptoe start: ['python.exe -m unittest', 'test_guimanage'] ===
INFO|2026-09-05 10:04:46|=== ptoe start: ['python.exe -m unittest', 'test_guimanage'] ===
INFO|2026-09-05 10:05:10|=== ptoe start: ['mian.py', 'gui', '--idle-timeout', '120'] ===
INFO|2026-09-05 10:06:14|=== ptoe start: ['mian.py', 'correct', '--correct-timeout', '120'] ===
INFO|2026-09-05 10:15:08|=== ptoe start: ['python.exe -m unittest', 'test_guimanage'] ===
INFO|2026-09-05 10:15:09|=== ptoe start: ['python.exe -m unittest', 'test_guimanage'] ===
INFO|2026-09-05 10:15:45|=== ptoe start: ['mian.py', 'gui', '--idle-timeout', '120'] ===
INFO|2026-09-05 10:16:44|=== ptoe start: ['mian.py', 'correct', '--correct-timeout', '120'] ===
INFO|2026-09-05 10:18:24|=== ptoe start: ['mian.py', 'config', 'set', 'tabs_position', 'top'] ===
INFO|2026-09-05 10:18:26|=== ptoe start: ['mian.py', 'config', 'show'] ===
INFO|2026-09-05 10:19:31|=== ptoe start: ['python.EXE -m unittest', 'test_guimanage', 'test_correctmanage', 'test_mian', 'test_stringmanage', 'test_llamamanage', 'test_pdfmanage', 'test_vllmmanage', 'test_htmlmanage', 'test_rulemanage', 'test_proofreadmanage', 'test_dictionarymanage', 'test_epubmanage', 'test_configmanage'] ===
INFO|2026-09-05 10:19:31|=== ptoe start: ['python.EXE -m unittest', 'test_guimanage', 'test_correctmanage', 'test_mian', 'test_stringmanage', 'test_llamamanage', 'test_pdfmanage', 'test_vllmmanage', 'test_htmlmanage', 'test_rulemanage', 'test_proofreadmanage', 'test_dictionarymanage', 'test_epubmanage', 'test_configmanage'] ===
INFO|2026-09-05 10:20:41|pdf_to_epub start: pdf=C:\Users\ADMINI~1\AppData\Local\Temp\test_correct_mian_hatzhacs\sample.pdf, dpi=100, model=HY, workers=None
INFO|2026-09-05 10:20:42|split done: pages=3, dir=D:\code-project\python\PToEA\data\sample, elapsed=0.1s
INFO|2026-09-05 10:20:42|starting server: model=HY, workers=4
INFO|2026-09-05 10:20:42|server ready: model=HY, elapsed=0.0s
INFO|2026-09-05 10:20:42|ocr done: total_pages=3, todo=3, excluded=0, errors=0, elapsed=0.0s
INFO|2026-09-05 10:20:42|structure done: elapsed=0.0s
INFO|2026-09-05 10:20:42|correct done: elapsed=0.0s
INFO|2026-09-05 10:20:42|pdf_to_epub success: epub=C:\Users\Administrator\AppData\Local\Temp\test_correct_mian_hatzhacs\out.epub, total_elapsed=0.1s
INFO|2026-09-05 10:23:52|pdf_to_epub start: pdf=C:\Users\ADMINI~1\AppData\Local\Temp\test_mian_hist_0yry37kv\sample.pdf, dpi=100, model=HY, workers=None
INFO|2026-09-05 10:23:52|split done: pages=3, dir=D:\code-project\python\PToEA\data\sample, elapsed=0.0s
INFO|2026-09-05 10:23:52|starting server: model=HY, workers=4
INFO|2026-09-05 10:23:52|server ready: model=HY, elapsed=0.0s
INFO|2026-09-05 10:23:52|ocr done: total_pages=3, todo=3, excluded=0, errors=0, elapsed=0.0s
INFO|2026-09-05 10:23:52|structure done: elapsed=0.0s
INFO|2026-09-05 10:23:52|history done: elapsed=0.0s
INFO|2026-09-05 10:23:52|render done: elapsed=0.0s
INFO|2026-09-05 10:23:52|pdf_to_epub success: epub=C:\Users\Administrator\AppData\Local\Temp\test_mian_hist_0yry37kv\out.epub, total_elapsed=0.0s
INFO|2026-09-05 10:23:53|pdf_to_epub start: pdf=C:\Users\ADMINI~1\AppData\Local\Temp\test_mian_resume_wtld07ps\sample.pdf, dpi=100, model=HY, workers=None
INFO|2026-09-05 10:23:53|split done: pages=3, dir=D:\code-project\python\PToEA\data\sample, elapsed=0.0s
INFO|2026-09-05 10:23:53|starting server: model=HY, workers=4
INFO|2026-09-05 10:23:53|server ready: model=HY, elapsed=0.0s
INFO|2026-09-05 10:23:53|ocr done: total_pages=3, todo=3, excluded=0, errors=0, elapsed=0.0s
INFO|2026-09-05 10:23:53|structure done: elapsed=0.0s
INFO|2026-09-05 10:23:53|history done: elapsed=0.0s
INFO|2026-09-05 10:23:53|render done: elapsed=0.0s
INFO|2026-09-05 10:23:53|pdf_to_epub success: epub=C:\Users\Administrator\AppData\Local\Temp\test_mian_resume_wtld07ps\out.epub, total_elapsed=0.0s
INFO|2026-09-05 10:23:53|pdf_to_epub start: pdf=C:\Users\ADMINI~1\AppData\Local\Temp\test_mian_resume_toai5i75\sample.pdf, dpi=100, model=HY, workers=None
INFO|2026-09-05 10:23:53|split done: pages=3, dir=D:\code-project\python\PToEA\data\sample, elapsed=0.0s
INFO|2026-09-05 10:23:53|starting server: model=HY, workers=4
INFO|2026-09-05 10:23:53|server ready: model=HY, elapsed=0.0s
INFO|2026-09-05 10:23:53|ocr done: total_pages=3, todo=3, excluded=0, errors=0, elapsed=0.0s
INFO|2026-09-05 10:23:53|structure done: elapsed=0.0s
INFO|2026-09-05 10:23:53|history done: elapsed=0.0s
INFO|2026-09-05 10:23:53|render done: elapsed=0.0s
INFO|2026-09-05 10:23:53|pdf_to_epub success: epub=C:\Users\Administrator\AppData\Local\Temp\test_mian_resume_toai5i75\out.epub, total_elapsed=0.0s
INFO|2026-09-05 10:23:53|pdf_to_epub start: pdf=C:\Users\ADMINI~1\AppData\Local\Temp\test_mian_resume_eu0iu8yo\sample.pdf, dpi=100, model=HY, workers=None
INFO|2026-09-05 10:23:53|split done: pages=3, dir=D:\code-project\python\PToEA\data\sample, elapsed=0.0s
INFO|2026-09-05 10:23:53|pdf_to_epub start: pdf=C:\Users\ADMINI~1\AppData\Local\Temp\test_mian_resume_kpek9drm\sample.pdf, dpi=100, model=HY, workers=None
INFO|2026-09-05 10:23:53|split done: pages=3, dir=D:\code-project\python\PToEA\data\sample, elapsed=0.0s
INFO|2026-09-05 10:23:53|starting server: model=HY, workers=4
INFO|2026-09-05 10:23:53|server ready: model=HY, elapsed=0.0s
INFO|2026-09-05 10:23:53|ocr done: total_pages=3, todo=1, excluded=0, errors=0, elapsed=0.0s
INFO|2026-09-05 10:23:53|structure done: elapsed=0.0s
INFO|2026-09-05 10:23:53|history done: elapsed=0.0s
INFO|2026-09-05 10:23:53|render done: elapsed=0.0s
INFO|2026-09-05 10:23:53|pdf_to_epub success: epub=C:\Users\Administrator\AppData\Local\Temp\test_mian_resume_kpek9drm\out.epub, total_elapsed=0.0s
INFO|2026-09-05 10:23:53|=== ptoe start: ['python.EXE -m unittest', 'test_guimanage', 'test_correctmanage', 'test_mian', 'test_stringmanage', 'test_llamamanage', 'test_pdfmanage', 'test_vllmmanage', 'test_htmlmanage', 'test_rulemanage', 'test_proofreadmanage', 'test_dictionarymanage', 'test_epubmanage', 'test_configmanage'] ===
INFO|2026-09-05 10:23:53|=== ptoe start: ['python.EXE -m unittest', 'test_guimanage', 'test_correctmanage', 'test_mian', 'test_stringmanage', 'test_llamamanage', 'test_pdfmanage', 'test_vllmmanage', 'test_htmlmanage', 'test_rulemanage', 'test_proofreadmanage', 'test_dictionarymanage', 'test_epubmanage', 'test_configmanage'] ===
INFO|2026-09-05 10:23:53|=== ptoe start: ['python.EXE -m unittest', 'test_guimanage', 'test_correctmanage', 'test_mian', 'test_stringmanage', 'test_llamamanage', 'test_pdfmanage', 'test_vllmmanage', 'test_htmlmanage', 'test_rulemanage', 'test_proofreadmanage', 'test_dictionarymanage', 'test_epubmanage', 'test_configmanage'] ===
INFO|2026-09-05 10:23:53|pdf_to_epub start: pdf=C:\Users\ADMINI~1\AppData\Local\Temp\test_mian_y_c1fwce\sample.pdf, dpi=100, model=HY, workers=None
INFO|2026-09-05 10:23:53|split done: pages=3, dir=D:\code-project\python\PToEA\data\sample, elapsed=0.1s
INFO|2026-09-05 10:23:53|starting server: model=HY, workers=4
INFO|2026-09-05 10:23:53|server ready: model=HY, elapsed=0.0s
INFO|2026-09-05 10:23:53|ocr done: total_pages=3, todo=3, excluded=0, errors=0, elapsed=0.0s
INFO|2026-09-05 10:23:53|structure done: elapsed=0.0s
INFO|2026-09-05 10:23:53|history done: elapsed=0.0s
INFO|2026-09-05 10:23:53|render done: elapsed=0.0s
INFO|2026-09-05 10:23:53|pdf_to_epub success: epub=C:\Users\Administrator\AppData\Local\Temp\test_mian_y_c1fwce\out.epub, total_elapsed=0.1s
INFO|2026-09-05 10:23:53|=== ptoe start: ['python.EXE -m unittest', 'test_guimanage', 'test_correctmanage', 'test_mian', 'test_stringmanage', 'test_llamamanage', 'test_pdfmanage', 'test_vllmmanage', 'test_htmlmanage', 'test_rulemanage', 'test_proofreadmanage', 'test_dictionarymanage', 'test_epubmanage', 'test_configmanage'] ===
INFO|2026-09-05 10:23:53|=== ptoe start: ['python.EXE -m unittest', 'test_guimanage', 'test_correctmanage', 'test_mian', 'test_stringmanage', 'test_llamamanage', 'test_pdfmanage', 'test_vllmmanage', 'test_htmlmanage', 'test_rulemanage', 'test_proofreadmanage', 'test_dictionarymanage', 'test_epubmanage', 'test_configmanage'] ===
INFO|2026-09-05 10:25:00|=== ptoe start: ['python.exe -m unittest', 'test_guimanage', 'test_correctmanage', 'test_mian', 'test_stringmanage', 'test_llamamanage', 'test_pdfmanage', 'test_vllmmanage', 'test_htmlmanage', 'test_rulemanage'] ===
INFO|2026-09-05 10:25:00|=== ptoe start: ['python.exe -m unittest', 'test_guimanage', 'test_correctmanage', 'test_mian', 'test_stringmanage', 'test_llamamanage', 'test_pdfmanage', 'test_vllmmanage', 'test_htmlmanage', 'test_rulemanage'] ===
INFO|2026-09-05 10:26:16|pdf_to_epub start: pdf=C:\Users\ADMINI~1\AppData\Local\Temp\test_correct_mian_39gx249n\sample.pdf, dpi=100, model=HY, workers=None
INFO|2026-09-05 10:26:16|split done: pages=3, dir=D:\code-project\python\PToEA\data\sample, elapsed=0.2s
INFO|2026-09-05 10:26:16|starting server: model=HY, workers=4
INFO|2026-09-05 10:26:16|server ready: model=HY, elapsed=0.0s
INFO|2026-09-05 10:26:16|ocr done: total_pages=3, todo=3, excluded=0, errors=0, elapsed=0.0s
INFO|2026-09-05 10:26:16|structure done: elapsed=0.0s
INFO|2026-09-05 10:26:16|correct done: elapsed=0.0s
INFO|2026-09-05 10:26:16|pdf_to_epub success: epub=C:\Users\Administrator\AppData\Local\Temp\test_correct_mian_39gx249n\out.epub, total_elapsed=0.2s
INFO|2026-09-05 10:29:26|pdf_to_epub start: pdf=C:\Users\ADMINI~1\AppData\Local\Temp\test_mian_hist_pvnpt6wt\sample.pdf, dpi=100, model=HY, workers=None
INFO|2026-09-05 10:29:26|split done: pages=3, dir=D:\code-project\python\PToEA\data\sample, elapsed=0.0s
INFO|2026-09-05 10:29:26|starting server: model=HY, workers=4
INFO|2026-09-05 10:29:26|server ready: model=HY, elapsed=0.0s
INFO|2026-09-05 10:29:26|ocr done: total_pages=3, todo=3, excluded=0, errors=0, elapsed=0.0s
INFO|2026-09-05 10:29:26|structure done: elapsed=0.0s
INFO|2026-09-05 10:29:26|history done: elapsed=0.0s
INFO|2026-09-05 10:29:26|render done: elapsed=0.0s
INFO|2026-09-05 10:29:26|pdf_to_epub success: epub=C:\Users\Administrator\AppData\Local\Temp\test_mian_hist_pvnpt6wt\out.epub, total_elapsed=0.0s
INFO|2026-09-05 10:29:26|pdf_to_epub start: pdf=C:\Users\ADMINI~1\AppData\Local\Temp\test_mian_resume_tinoidc5\sample.pdf, dpi=100, model=HY, workers=None
INFO|2026-09-05 10:29:26|split done: pages=3, dir=D:\code-project\python\PToEA\data\sample, elapsed=0.0s
INFO|2026-09-05 10:29:26|starting server: model=HY, workers=4
INFO|2026-09-05 10:29:26|server ready: model=HY, elapsed=0.0s
INFO|2026-09-05 10:29:26|ocr done: total_pages=3, todo=3, excluded=0, errors=0, elapsed=0.0s
INFO|2026-09-05 10:29:26|structure done: elapsed=0.0s
INFO|2026-09-05 10:29:26|history done: elapsed=0.0s
INFO|2026-09-05 10:29:26|render done: elapsed=0.0s
INFO|2026-09-05 10:29:26|pdf_to_epub success: epub=C:\Users\Administrator\AppData\Local\Temp\test_mian_resume_tinoidc5\out.epub, total_elapsed=0.0s
INFO|2026-09-05 10:29:26|pdf_to_epub start: pdf=C:\Users\ADMINI~1\AppData\Local\Temp\test_mian_resume_5arbeico\sample.pdf, dpi=100, model=HY, workers=None
INFO|2026-09-05 10:29:26|split done: pages=3, dir=D:\code-project\python\PToEA\data\sample, elapsed=0.0s
INFO|2026-09-05 10:29:26|starting server: model=HY, workers=4
INFO|2026-09-05 10:29:26|server ready: model=HY, elapsed=0.0s
INFO|2026-09-05 10:29:26|ocr done: total_pages=3, todo=3, excluded=0, errors=0, elapsed=0.0s
INFO|2026-09-05 10:29:26|structure done: elapsed=0.0s
INFO|2026-09-05 10:29:26|history done: elapsed=0.0s
INFO|2026-09-05 10:29:26|render done: elapsed=0.0s
INFO|2026-09-05 10:29:26|pdf_to_epub success: epub=C:\Users\Administrator\AppData\Local\Temp\test_mian_resume_5arbeico\out.epub, total_elapsed=0.0s
INFO|2026-09-05 10:29:26|pdf_to_epub start: pdf=C:\Users\ADMINI~1\AppData\Local\Temp\test_mian_resume_dukaakny\sample.pdf, dpi=100, model=HY, workers=None
INFO|2026-09-05 10:29:26|split done: pages=3, dir=D:\code-project\python\PToEA\data\sample, elapsed=0.0s
INFO|2026-09-05 10:29:26|pdf_to_epub start: pdf=C:\Users\ADMINI~1\AppData\Local\Temp\test_mian_resume_zs3obw34\sample.pdf, dpi=100, model=HY, workers=None
INFO|2026-09-05 10:29:26|split done: pages=3, dir=D:\code-project\python\PToEA\data\sample, elapsed=0.0s
INFO|2026-09-05 10:29:26|starting server: model=HY, workers=4
INFO|2026-09-05 10:29:26|server ready: model=HY, elapsed=0.0s
INFO|2026-09-05 10:29:26|ocr done: total_pages=3, todo=1, excluded=0, errors=0, elapsed=0.0s
INFO|2026-09-05 10:29:26|structure done: elapsed=0.0s
INFO|2026-09-05 10:29:26|history done: elapsed=0.0s
INFO|2026-09-05 10:29:26|render done: elapsed=0.0s
INFO|2026-09-05 10:29:26|pdf_to_epub success: epub=C:\Users\Administrator\AppData\Local\Temp\test_mian_resume_zs3obw34\out.epub, total_elapsed=0.0s
INFO|2026-09-05 10:29:26|=== ptoe start: ['python.exe -m unittest', 'test_guimanage', 'test_correctmanage', 'test_mian', 'test_stringmanage', 'test_llamamanage', 'test_pdfmanage', 'test_vllmmanage', 'test_htmlmanage', 'test_rulemanage'] ===
INFO|2026-09-05 10:29:26|=== ptoe start: ['python.exe -m unittest', 'test_guimanage', 'test_correctmanage', 'test_mian', 'test_stringmanage', 'test_llamamanage', 'test_pdfmanage', 'test_vllmmanage', 'test_htmlmanage', 'test_rulemanage'] ===
INFO|2026-09-05 10:29:26|=== ptoe start: ['python.exe -m unittest', 'test_guimanage', 'test_correctmanage', 'test_mian', 'test_stringmanage', 'test_llamamanage', 'test_pdfmanage', 'test_vllmmanage', 'test_htmlmanage', 'test_rulemanage'] ===
INFO|2026-09-05 10:29:26|pdf_to_epub start: pdf=C:\Users\ADMINI~1\AppData\Local\Temp\test_mian_b2jaeet5\sample.pdf, dpi=100, model=HY, workers=None
INFO|2026-09-05 10:29:26|split done: pages=3, dir=D:\code-project\python\PToEA\data\sample, elapsed=0.0s
INFO|2026-09-05 10:29:26|starting server: model=HY, workers=4
INFO|2026-09-05 10:29:26|server ready: model=HY, elapsed=0.0s
INFO|2026-09-05 10:29:26|ocr done: total_pages=3, todo=3, excluded=0, errors=0, elapsed=0.0s
INFO|2026-09-05 10:29:26|structure done: elapsed=0.0s
INFO|2026-09-05 10:29:26|history done: elapsed=0.0s
INFO|2026-09-05 10:29:27|render done: elapsed=0.0s
INFO|2026-09-05 10:29:27|pdf_to_epub success: epub=C:\Users\Administrator\AppData\Local\Temp\test_mian_b2jaeet5\out.epub, total_elapsed=0.0s
INFO|2026-09-05 10:29:27|=== ptoe start: ['python.exe -m unittest', 'test_guimanage', 'test_correctmanage', 'test_mian', 'test_stringmanage', 'test_llamamanage', 'test_pdfmanage', 'test_vllmmanage', 'test_htmlmanage', 'test_rulemanage'] ===
INFO|2026-09-05 10:29:27|=== ptoe start: ['python.exe -m unittest', 'test_guimanage', 'test_correctmanage', 'test_mian', 'test_stringmanage', 'test_llamamanage', 'test_pdfmanage', 'test_vllmmanage', 'test_htmlmanage', 'test_rulemanage'] ===
INFO|2026-09-05 10:32:02|=== ptoe start: ['mian.py', 'gui'] ===
INFO|2026-09-05 10:32:19|=== ptoe start: ['D:\\code-project\\python\\PToEA\\mian.py', 'correct', '--lang', 'zh-CN'] ===
INFO|2026-09-05 22:43:52|=== ptoe start: ['mian.py', 'gui'] ===
INFO|2026-09-05 22:43:57|=== ptoe start: ['D:\\code-project\\python\\PToEA\\mian.py', 'correct', '--lang', 'zh-CN'] ===
INFO|2026-09-06 09:34:04|=== ptoe start: ['python.exe -m unittest', 'test_mian'] ===
INFO|2026-09-06 09:34:04|=== ptoe start: ['python.exe -m unittest', 'test_mian'] ===
INFO|2026-09-06 09:34:04|=== ptoe start: ['python.exe -m unittest', 'test_mian'] ===
INFO|2026-09-06 09:34:04|pdf_to_epub start: pdf=C:\Users\ADMINI~1\AppData\Local\Temp\test_mian_pdgrxdnh\sample.pdf, dpi=100, model=HY, workers=None
INFO|2026-09-06 09:34:04|split done: pages=3, dir=D:\code-project\python\PToEA\data\sample, elapsed=0.0s
INFO|2026-09-06 09:34:04|starting server: model=HY, workers=4
INFO|2026-09-06 09:34:04|server ready: model=HY, elapsed=0.0s
INFO|2026-09-06 09:34:04|ocr done: total_pages=3, todo=3, excluded=0, errors=0, elapsed=0.0s
INFO|2026-09-06 09:34:04|structure done: elapsed=0.0s
INFO|2026-09-06 09:34:04|history done: elapsed=0.0s
INFO|2026-09-06 09:34:04|render done: elapsed=0.0s
INFO|2026-09-06 09:34:04|pdf_to_epub success: epub=C:\Users\Administrator\AppData\Local\Temp\test_mian_pdgrxdnh\out.epub, total_elapsed=0.1s
INFO|2026-09-06 09:34:04|=== ptoe start: ['python.exe -m unittest', 'test_mian'] ===
INFO|2026-09-06 09:34:04|=== ptoe start: ['python.exe -m unittest', 'test_mian'] ===
INFO|2026-09-06 09:48:00|=== ptoe start: ['python.exe -m unittest', 'test_mian'] ===
INFO|2026-09-06 09:48:00|=== ptoe start: ['python.exe -m unittest', 'test_mian'] ===
INFO|2026-09-06 09:48:00|=== ptoe start: ['python.exe -m unittest', 'test_mian'] ===
INFO|2026-09-06 09:48:00|pdf_to_epub start: pdf=C:\Users\ADMINI~1\AppData\Local\Temp\test_mian_69r2o1oe\sample.pdf, dpi=100, model=HY, workers=None
INFO|2026-09-06 09:48:00|split done: pages=3, dir=D:\code-project\python\PToEA\data\sample, elapsed=0.0s
INFO|2026-09-06 09:48:00|starting server: model=HY, workers=4
INFO|2026-09-06 09:48:00|server ready: model=HY, elapsed=0.0s
INFO|2026-09-06 09:48:00|ocr done: total_pages=3, todo=3, excluded=0, errors=0, elapsed=0.0s
INFO|2026-09-06 09:48:00|structure done: elapsed=0.0s
INFO|2026-09-06 09:48:00|history done: elapsed=0.0s
INFO|2026-09-06 09:48:00|render done: elapsed=0.0s
INFO|2026-09-06 09:48:00|pdf_to_epub success: epub=C:\Users\Administrator\AppData\Local\Temp\test_mian_69r2o1oe\out.epub, total_elapsed=0.1s
INFO|2026-09-06 09:48:00|=== ptoe start: ['python.exe -m unittest', 'test_mian'] ===
INFO|2026-09-06 09:48:00|=== ptoe start: ['python.exe -m unittest', 'test_mian'] ===
INFO|2026-09-06 09:54:06|=== ptoe start: ['python.exe -m unittest', 'discover'] ===
INFO|2026-09-06 09:54:06|=== ptoe start: ['python.exe -m unittest', 'discover'] ===
INFO|2026-09-06 10:37:27|=== ptoe start: ['python.exe -m unittest', 'test_stringmanage', 'test_pdfmanage', 'test_llamamanage', 'test_vllmmanage', 'test_mian'] ===
INFO|2026-09-06 10:37:27|=== ptoe start: ['python.exe -m unittest', 'test_stringmanage', 'test_pdfmanage', 'test_llamamanage', 'test_vllmmanage', 'test_mian'] ===
INFO|2026-09-06 10:37:27|=== ptoe start: ['python.exe -m unittest', 'test_stringmanage', 'test_pdfmanage', 'test_llamamanage', 'test_vllmmanage', 'test_mian'] ===
INFO|2026-09-06 10:37:27|pdf_to_epub start: pdf=C:\Users\ADMINI~1\AppData\Local\Temp\test_mian_d0819sdc\sample.pdf, dpi=100, model=HY, workers=None
INFO|2026-09-06 10:37:27|split done: pages=3, dir=D:\code-project\python\PToEA\data\sample, elapsed=0.1s
INFO|2026-09-06 10:37:27|starting server: model=HY, workers=4
INFO|2026-09-06 10:37:27|server ready: model=HY, elapsed=0.0s
INFO|2026-09-06 10:37:27|ocr done: total_pages=3, todo=3, excluded=0, errors=0, elapsed=0.0s
INFO|2026-09-06 10:37:27|structure done: elapsed=0.0s
INFO|2026-09-06 10:37:27|history done: elapsed=0.0s
INFO|2026-09-06 10:37:27|render done: elapsed=0.0s
INFO|2026-09-06 10:37:27|pdf_to_epub success: epub=C:\Users\Administrator\AppData\Local\Temp\test_mian_d0819sdc\out.epub, total_elapsed=0.1s
INFO|2026-09-06 10:37:27|=== ptoe start: ['python.exe -m unittest', 'test_stringmanage', 'test_pdfmanage', 'test_llamamanage', 'test_vllmmanage', 'test_mian'] ===
INFO|2026-09-06 10:37:27|=== ptoe start: ['python.exe -m unittest', 'test_stringmanage', 'test_pdfmanage', 'test_llamamanage', 'test_vllmmanage', 'test_mian'] ===
INFO|2026-09-06 12:26:50|=== ptoe start: ['mian.py', 'gui'] ===
INFO|2026-09-06 12:27:01|=== ptoe start: ['D:\\code-project\\python\\PToEA\\mian.py', 'correct', '--lang', 'zh-CN'] ===
INFO|2026-09-06 13:56:34|=== ptoe start: ['python.exe -m unittest', 'test_mian', '-v'] ===
INFO|2026-09-06 13:56:34|=== ptoe start: ['python.exe -m unittest', 'test_mian', '-v'] ===
INFO|2026-09-06 13:56:34|=== ptoe start: ['python.exe -m unittest', 'test_mian', '-v'] ===
INFO|2026-09-06 13:56:34|pdf_to_epub start: pdf=C:\Users\ADMINI~1\AppData\Local\Temp\test_mian_ynyy3nub\sample.pdf, dpi=100, model=HY, workers=None
INFO|2026-09-06 13:56:34|split done: pages=3, dir=D:\code-project\python\PToEA\data\sample, elapsed=0.0s
INFO|2026-09-06 13:56:34|starting server: model=HY, workers=4
INFO|2026-09-06 13:56:34|server ready: model=HY, elapsed=0.0s
INFO|2026-09-06 13:56:34|ocr done: total_pages=3, todo=3, excluded=0, errors=0, elapsed=0.0s
INFO|2026-09-06 13:56:34|structure done: elapsed=0.0s
INFO|2026-09-06 13:56:34|history done: elapsed=0.0s
INFO|2026-09-06 13:56:34|render done: elapsed=0.0s
INFO|2026-09-06 13:56:34|pdf_to_epub success: epub=C:\Users\Administrator\AppData\Local\Temp\test_mian_ynyy3nub\out.epub, total_elapsed=0.0s
INFO|2026-09-06 13:56:34|=== ptoe start: ['python.exe -m unittest', 'test_mian', '-v'] ===
INFO|2026-09-06 13:56:34|=== ptoe start: ['python.exe -m unittest', 'test_mian', '-v'] ===
INFO|2026-09-06 13:56:44|=== ptoe start: ['python.exe -m unittest', 'test_guimanage.TestMianWiring', '-v'] ===
INFO|2026-09-06 13:56:44|=== ptoe start: ['python.exe -m unittest', 'test_guimanage.TestMianWiring', '-v'] ===
INFO|2026-09-06 13:57:13|=== ptoe start: ['mian.py'] ===
INFO|2026-09-06 13:57:38|=== ptoe start: ['-c'] ===
INFO|2026-09-06 14:00:45|=== ptoe start: ['-c'] ===
INFO|2026-09-06 14:01:09|=== ptoe start: ['python.exe -m unittest', 'test_mian', 'test_guimanage.TestMianWiring', '-v'] ===
INFO|2026-09-06 14:01:09|=== ptoe start: ['python.exe -m unittest', 'test_mian', 'test_guimanage.TestMianWiring', '-v'] ===
INFO|2026-09-06 14:01:09|=== ptoe start: ['python.exe -m unittest', 'test_mian', 'test_guimanage.TestMianWiring', '-v'] ===
INFO|2026-09-06 14:01:09|pdf_to_epub start: pdf=C:\Users\ADMINI~1\AppData\Local\Temp\test_mian_5r86ojph\sample.pdf, dpi=100, model=HY, workers=None
INFO|2026-09-06 14:01:09|split done: pages=3, dir=D:\code-project\python\PToEA\data\sample, elapsed=0.0s
INFO|2026-09-06 14:01:09|starting server: model=HY, workers=4
INFO|2026-09-06 14:01:09|server ready: model=HY, elapsed=0.0s
INFO|2026-09-06 14:01:09|ocr done: total_pages=3, todo=3, excluded=0, errors=0, elapsed=0.0s
INFO|2026-09-06 14:01:09|structure done: elapsed=0.0s
INFO|2026-09-06 14:01:09|history done: elapsed=0.0s
INFO|2026-09-06 14:01:09|render done: elapsed=0.0s
INFO|2026-09-06 14:01:09|pdf_to_epub success: epub=C:\Users\Administrator\AppData\Local\Temp\test_mian_5r86ojph\out.epub, total_elapsed=0.1s
INFO|2026-09-06 14:01:09|=== ptoe start: ['python.exe -m unittest', 'test_mian', 'test_guimanage.TestMianWiring', '-v'] ===
INFO|2026-09-06 14:01:09|=== ptoe start: ['python.exe -m unittest', 'test_mian', 'test_guimanage.TestMianWiring', '-v'] ===
INFO|2026-09-06 14:01:09|=== ptoe start: ['python.exe -m unittest', 'test_mian', 'test_guimanage.TestMianWiring', '-v'] ===
INFO|2026-09-06 14:01:09|=== ptoe start: ['python.exe -m unittest', 'test_mian', 'test_guimanage.TestMianWiring', '-v'] ===
INFO|2026-09-06 14:01:29|=== ptoe start: ['-c'] ===
INFO|2026-09-06 14:01:43|=== ptoe start: ['-c'] ===
INFO|2026-09-06 14:01:53|=== ptoe start: ['-c'] ===
INFO|2026-09-06 14:03:11|=== ptoe start: ['python.exe -m unittest', 'test_mian'] ===
INFO|2026-09-06 14:03:11|=== ptoe start: ['python.exe -m unittest', 'test_mian'] ===
INFO|2026-09-06 14:03:11|=== ptoe start: ['python.exe -m unittest', 'test_mian'] ===
INFO|2026-09-06 14:03:11|pdf_to_epub start: pdf=C:\Users\ADMINI~1\AppData\Local\Temp\test_mian_o1koi4pq\sample.pdf, dpi=100, model=HY, workers=None
INFO|2026-09-06 14:03:11|split done: pages=3, dir=D:\code-project\python\PToEA\data\sample, elapsed=0.0s
INFO|2026-09-06 14:03:11|starting server: model=HY, workers=4
INFO|2026-09-06 14:03:11|server ready: model=HY, elapsed=0.0s
INFO|2026-09-06 14:03:11|ocr done: total_pages=3, todo=3, excluded=0, errors=0, elapsed=0.0s
INFO|2026-09-06 14:03:11|structure done: elapsed=0.0s
INFO|2026-09-06 14:03:11|history done: elapsed=0.0s
INFO|2026-09-06 14:03:11|render done: elapsed=0.0s
INFO|2026-09-06 14:03:11|pdf_to_epub success: epub=C:\Users\Administrator\AppData\Local\Temp\test_mian_o1koi4pq\out.epub, total_elapsed=0.0s
INFO|2026-09-06 14:03:11|=== ptoe start: ['python.exe -m unittest', 'test_mian'] ===
INFO|2026-09-06 14:03:11|=== ptoe start: ['python.exe -m unittest', 'test_mian'] ===
INFO|2026-09-06 14:03:22|=== ptoe start: ['python.exe -m unittest', 'test_mian', '-v'] ===
INFO|2026-09-06 14:03:22|=== ptoe start: ['python.exe -m unittest', 'test_mian', '-v'] ===
INFO|2026-09-06 14:03:22|=== ptoe start: ['python.exe -m unittest', 'test_mian', '-v'] ===
INFO|2026-09-06 14:03:22|pdf_to_epub start: pdf=C:\Users\ADMINI~1\AppData\Local\Temp\test_mian_rovf7hx3\sample.pdf, dpi=100, model=HY, workers=None
INFO|2026-09-06 14:03:22|split done: pages=3, dir=D:\code-project\python\PToEA\data\sample, elapsed=0.0s
INFO|2026-09-06 14:03:22|starting server: model=HY, workers=4
INFO|2026-09-06 14:03:22|server ready: model=HY, elapsed=0.0s
INFO|2026-09-06 14:03:22|ocr done: total_pages=3, todo=3, excluded=0, errors=0, elapsed=0.0s
INFO|2026-09-06 14:03:22|structure done: elapsed=0.0s
INFO|2026-09-06 14:03:22|history done: elapsed=0.0s
INFO|2026-09-06 14:03:22|render done: elapsed=0.0s
INFO|2026-09-06 14:03:22|pdf_to_epub success: epub=C:\Users\Administrator\AppData\Local\Temp\test_mian_rovf7hx3\out.epub, total_elapsed=0.1s
INFO|2026-09-06 14:03:22|=== ptoe start: ['python.exe -m unittest', 'test_mian', '-v'] ===
INFO|2026-09-06 14:03:22|=== ptoe start: ['python.exe -m unittest', 'test_mian', '-v'] ===
INFO|2026-09-06 14:03:23|=== ptoe start: ['python.exe -m unittest', 'test_guimanage.TestMianWiring', '-v'] ===
INFO|2026-09-06 14:03:23|=== ptoe start: ['python.exe -m unittest', 'test_guimanage.TestMianWiring', '-v'] ===
INFO|2026-09-06 14:51:10|=== ptoe start: ['python.exe -m unittest', 'test_stringmanage', 'test_pdfmanage', 'test_llamamanage', 'test_mian'] ===
INFO|2026-09-06 14:51:10|=== ptoe start: ['python.exe -m unittest', 'test_stringmanage', 'test_pdfmanage', 'test_llamamanage', 'test_mian'] ===
INFO|2026-09-06 14:51:10|=== ptoe start: ['python.exe -m unittest', 'test_stringmanage', 'test_pdfmanage', 'test_llamamanage', 'test_mian'] ===
INFO|2026-09-06 14:51:10|pdf_to_epub start: pdf=C:\Users\ADMINI~1\AppData\Local\Temp\test_mian__l_7w7p1\sample.pdf, dpi=100, model=HY, workers=None
INFO|2026-09-06 14:51:10|split done: pages=3, dir=D:\code-project\python\PToEA\data\sample, elapsed=0.0s
INFO|2026-09-06 14:51:10|starting server: model=HY, workers=4
INFO|2026-09-06 14:51:10|server ready: model=HY, elapsed=0.0s
INFO|2026-09-06 14:51:10|ocr done: total_pages=3, todo=3, excluded=0, errors=0, elapsed=0.0s
INFO|2026-09-06 14:51:10|structure done: elapsed=0.0s
INFO|2026-09-06 14:51:10|history done: elapsed=0.0s
INFO|2026-09-06 14:51:10|render done: elapsed=0.0s
INFO|2026-09-06 14:51:10|pdf_to_epub success: epub=C:\Users\Administrator\AppData\Local\Temp\test_mian__l_7w7p1\out.epub, total_elapsed=0.1s
INFO|2026-09-06 14:51:10|=== ptoe start: ['python.exe -m unittest', 'test_stringmanage', 'test_pdfmanage', 'test_llamamanage', 'test_mian'] ===
INFO|2026-09-06 14:51:10|=== ptoe start: ['python.exe -m unittest', 'test_stringmanage', 'test_pdfmanage', 'test_llamamanage', 'test_mian'] ===
INFO|2026-09-06 15:15:53|=== ptoe start: ['python.exe -m unittest', 'test_mian', 'test_stringmanage', 'test_llamamanage', 'test_pdfmanage'] ===
INFO|2026-09-06 15:15:53|=== ptoe start: ['python.exe -m unittest', 'test_mian', 'test_stringmanage', 'test_llamamanage', 'test_pdfmanage'] ===
INFO|2026-09-06 15:15:53|=== ptoe start: ['python.exe -m unittest', 'test_mian', 'test_stringmanage', 'test_llamamanage', 'test_pdfmanage'] ===
INFO|2026-09-06 15:15:53|pdf_to_epub start: pdf=C:\Users\ADMINI~1\AppData\Local\Temp\test_mian_j_2hu3_r\sample.pdf, dpi=100, model=HY, workers=None
INFO|2026-09-06 15:15:53|split done: pages=3, dir=D:\code-project\python\PToEA\data\sample, elapsed=0.0s
INFO|2026-09-06 15:15:53|starting server: model=HY, workers=4
INFO|2026-09-06 15:15:53|server ready: model=HY, elapsed=0.0s
INFO|2026-09-06 15:15:53|ocr done: total_pages=3, todo=3, excluded=0, errors=0, elapsed=0.0s
INFO|2026-09-06 15:15:53|structure done: elapsed=0.0s
INFO|2026-09-06 15:15:53|history done: elapsed=0.0s
INFO|2026-09-06 15:15:53|render done: elapsed=0.0s
INFO|2026-09-06 15:15:53|pdf_to_epub success: epub=C:\Users\Administrator\AppData\Local\Temp\test_mian_j_2hu3_r\out.epub, total_elapsed=0.1s
INFO|2026-09-06 15:15:53|=== ptoe start: ['python.exe -m unittest', 'test_mian', 'test_stringmanage', 'test_llamamanage', 'test_pdfmanage'] ===
INFO|2026-09-06 15:15:53|=== ptoe start: ['python.exe -m unittest', 'test_mian', 'test_stringmanage', 'test_llamamanage', 'test_pdfmanage'] ===
INFO|2026-09-06 15:30:33|=== ptoe start: ['python.exe -m unittest', 'test_correctmanage', 'test_mian', 'test_stringmanage', 'test_pdfmanage', 'test_llamamanage'] ===
INFO|2026-09-06 15:30:33|=== ptoe start: ['python.exe -m unittest', 'test_correctmanage', 'test_mian', 'test_stringmanage', 'test_pdfmanage', 'test_llamamanage'] ===
INFO|2026-09-06 15:30:33|=== ptoe start: ['python.exe -m unittest', 'test_correctmanage', 'test_mian', 'test_stringmanage', 'test_pdfmanage', 'test_llamamanage'] ===
INFO|2026-09-06 15:30:33|pdf_to_epub start: pdf=C:\Users\ADMINI~1\AppData\Local\Temp\test_mian_zn_2h5mp\sample.pdf, dpi=100, model=HY, workers=None
INFO|2026-09-06 15:30:33|split done: pages=3, dir=D:\code-project\python\PToEA\data\sample, elapsed=0.0s
INFO|2026-09-06 15:30:33|starting server: model=HY, workers=4
INFO|2026-09-06 15:30:33|server ready: model=HY, elapsed=0.0s
INFO|2026-09-06 15:30:33|ocr done: total_pages=3, todo=3, excluded=0, errors=0, elapsed=0.0s
INFO|2026-09-06 15:30:33|structure done: elapsed=0.0s
INFO|2026-09-06 15:30:33|history done: elapsed=0.0s
INFO|2026-09-06 15:30:33|render done: elapsed=0.0s
INFO|2026-09-06 15:30:33|pdf_to_epub success: epub=C:\Users\Administrator\AppData\Local\Temp\test_mian_zn_2h5mp\out.epub, total_elapsed=0.0s
INFO|2026-09-06 15:30:33|=== ptoe start: ['python.exe -m unittest', 'test_correctmanage', 'test_mian', 'test_stringmanage', 'test_pdfmanage', 'test_llamamanage'] ===
INFO|2026-09-06 15:30:33|=== ptoe start: ['python.exe -m unittest', 'test_correctmanage', 'test_mian', 'test_stringmanage', 'test_pdfmanage', 'test_llamamanage'] ===
INFO|2026-09-06 22:29:25|=== ptoe start: ['mian.py', 'gui'] ===
INFO|2026-09-06 22:29:35|=== ptoe start: ['D:\\code-project\\python\\PToEA\\mian.py', 'correct', '--lang', 'zh-CN'] ===
INFO|2026-09-07 08:44:32|=== ptoe start: ['python.exe -m unittest', 'test_mian', '-v'] ===
INFO|2026-09-07 08:44:32|=== ptoe start: ['python.exe -m unittest', 'test_mian', '-v'] ===
INFO|2026-09-07 08:44:32|=== ptoe start: ['python.exe -m unittest', 'test_mian', '-v'] ===
INFO|2026-09-07 08:44:32|pdf_to_epub start: pdf=C:\Users\ADMINI~1\AppData\Local\Temp\test_mian_nhh47oj6\sample.pdf, dpi=100, model=HY, workers=None
INFO|2026-09-07 08:44:32|split done: pages=3, dir=D:\code-project\python\PToEA\data\sample, elapsed=0.0s
INFO|2026-09-07 08:44:32|starting server: model=HY, workers=4
INFO|2026-09-07 08:44:32|server ready: model=HY, elapsed=0.0s
INFO|2026-09-07 08:44:32|ocr done: total_pages=3, todo=3, excluded=0, errors=0, elapsed=0.0s
INFO|2026-09-07 08:44:32|structure done: elapsed=0.0s
INFO|2026-09-07 08:44:32|history done: elapsed=0.0s
INFO|2026-09-07 08:44:32|render done: elapsed=0.0s
INFO|2026-09-07 08:44:32|pdf_to_epub success: epub=C:\Users\Administrator\AppData\Local\Temp\test_mian_nhh47oj6\out.epub, total_elapsed=0.0s
INFO|2026-09-07 08:44:32|=== ptoe start: ['python.exe -m unittest', 'test_mian', '-v'] ===
INFO|2026-09-07 08:44:32|=== ptoe start: ['python.exe -m unittest', 'test_mian', '-v'] ===
INFO|2026-09-07 09:15:26|=== ptoe start: ['python.EXE -m unittest', 'discover', '-v'] ===
INFO|2026-09-07 09:15:26|=== ptoe start: ['python.EXE -m unittest', 'discover', '-v'] ===
INFO|2026-09-07 09:15:39|pdf_to_epub start: pdf=C:\Users\ADMINI~1\AppData\Local\Temp\test_mian_hist_muy653e0\sample.pdf, dpi=100, model=HY, workers=None
INFO|2026-09-07 09:15:39|split done: pages=3, dir=D:\code-project\python\PToEA\data\sample, elapsed=0.0s
INFO|2026-09-07 09:15:39|starting server: model=HY, workers=4
INFO|2026-09-07 09:15:39|server ready: model=HY, elapsed=0.0s
INFO|2026-09-07 09:15:39|ocr done: total_pages=3, todo=3, excluded=0, errors=0, elapsed=0.0s
INFO|2026-09-07 09:15:39|structure done: elapsed=0.0s
INFO|2026-09-07 09:15:39|history done: elapsed=0.0s
INFO|2026-09-07 09:15:39|render done: elapsed=0.0s
INFO|2026-09-07 09:15:39|pdf_to_epub success: epub=C:\Users\Administrator\AppData\Local\Temp\test_mian_hist_muy653e0\out.epub, total_elapsed=0.0s
INFO|2026-09-07 09:15:39|pdf_to_epub start: pdf=C:\Users\ADMINI~1\AppData\Local\Temp\test_mian_resume_orzdofpw\sample.pdf, dpi=100, model=HY, workers=None
INFO|2026-09-07 09:15:39|split done: pages=3, dir=D:\code-project\python\PToEA\data\sample, elapsed=0.0s
INFO|2026-09-07 09:15:39|starting server: model=HY, workers=4
INFO|2026-09-07 09:15:39|server ready: model=HY, elapsed=0.0s
INFO|2026-09-07 09:15:39|ocr done: total_pages=3, todo=3, excluded=0, errors=0, elapsed=0.0s
INFO|2026-09-07 09:15:39|structure done: elapsed=0.0s
INFO|2026-09-07 09:15:39|history done: elapsed=0.0s
INFO|2026-09-07 09:15:39|render done: elapsed=0.0s
INFO|2026-09-07 09:15:39|pdf_to_epub success: epub=C:\Users\Administrator\AppData\Local\Temp\test_mian_resume_orzdofpw\out.epub, total_elapsed=0.0s
INFO|2026-09-07 09:15:39|pdf_to_epub start: pdf=C:\Users\ADMINI~1\AppData\Local\Temp\test_mian_resume_i0_oyrn4\sample.pdf, dpi=100, model=HY, workers=None
INFO|2026-09-07 09:15:39|split done: pages=3, dir=D:\code-project\python\PToEA\data\sample, elapsed=0.0s
INFO|2026-09-07 09:15:39|starting server: model=HY, workers=4
INFO|2026-09-07 09:15:39|server ready: model=HY, elapsed=0.0s
INFO|2026-09-07 09:15:39|ocr done: total_pages=3, todo=3, excluded=0, errors=0, elapsed=0.0s
INFO|2026-09-07 09:15:39|structure done: elapsed=0.0s
INFO|2026-09-07 09:15:39|history done: elapsed=0.0s
INFO|2026-09-07 09:15:39|render done: elapsed=0.0s
INFO|2026-09-07 09:15:39|pdf_to_epub success: epub=C:\Users\Administrator\AppData\Local\Temp\test_mian_resume_i0_oyrn4\out.epub, total_elapsed=0.0s
INFO|2026-09-07 09:15:40|pdf_to_epub start: pdf=C:\Users\ADMINI~1\AppData\Local\Temp\test_mian_resume_3wo5pumq\sample.pdf, dpi=100, model=HY, workers=None
INFO|2026-09-07 09:15:40|split done: pages=3, dir=D:\code-project\python\PToEA\data\sample, elapsed=0.0s
INFO|2026-09-07 09:15:40|pdf_to_epub start: pdf=C:\Users\ADMINI~1\AppData\Local\Temp\test_mian_resume_zkg391y8\sample.pdf, dpi=100, model=HY, workers=None
INFO|2026-09-07 09:15:40|split done: pages=3, dir=D:\code-project\python\PToEA\data\sample, elapsed=0.0s
INFO|2026-09-07 09:15:40|starting server: model=HY, workers=4
INFO|2026-09-07 09:15:40|server ready: model=HY, elapsed=0.0s
INFO|2026-09-07 09:15:40|ocr done: total_pages=3, todo=1, excluded=0, errors=0, elapsed=0.0s
INFO|2026-09-07 09:15:40|structure done: elapsed=0.0s
INFO|2026-09-07 09:15:40|history done: elapsed=0.0s
INFO|2026-09-07 09:15:40|render done: elapsed=0.0s
INFO|2026-09-07 09:15:40|pdf_to_epub success: epub=C:\Users\Administrator\AppData\Local\Temp\test_mian_resume_zkg391y8\out.epub, total_elapsed=0.0s
INFO|2026-09-07 09:15:40|=== ptoe start: ['python.EXE -m unittest', 'discover', '-v'] ===
INFO|2026-09-07 09:15:40|=== ptoe start: ['python.EXE -m unittest', 'discover', '-v'] ===
INFO|2026-09-07 09:15:40|=== ptoe start: ['python.EXE -m unittest', 'discover', '-v'] ===
INFO|2026-09-07 09:15:40|pdf_to_epub start: pdf=C:\Users\ADMINI~1\AppData\Local\Temp\test_mian_l_0k_t14\sample.pdf, dpi=100, model=HY, workers=None
INFO|2026-09-07 09:15:40|split done: pages=3, dir=D:\code-project\python\PToEA\data\sample, elapsed=0.1s
INFO|2026-09-07 09:15:40|starting server: model=HY, workers=4
INFO|2026-09-07 09:15:40|server ready: model=HY, elapsed=0.0s
INFO|2026-09-07 09:15:40|ocr done: total_pages=3, todo=3, excluded=0, errors=0, elapsed=0.0s
INFO|2026-09-07 09:15:40|structure done: elapsed=0.0s
INFO|2026-09-07 09:15:40|history done: elapsed=0.0s
INFO|2026-09-07 09:15:40|render done: elapsed=0.0s
INFO|2026-09-07 09:15:40|pdf_to_epub success: epub=C:\Users\Administrator\AppData\Local\Temp\test_mian_l_0k_t14\out.epub, total_elapsed=0.1s
INFO|2026-09-07 09:15:40|=== ptoe start: ['python.EXE -m unittest', 'discover', '-v'] ===
INFO|2026-09-07 09:15:40|=== ptoe start: ['python.EXE -m unittest', 'discover', '-v'] ===
INFO|2026-09-07 09:18:02|=== ptoe start: ['mian.py', 'gui'] ===
INFO|2026-09-07 09:18:14|=== ptoe start: ['D:\\code-project\\python\\PToEA\\mian.py', 'correct', '--lang', 'zh-CN'] ===
INFO|2026-09-07 10:02:18|=== ptoe start: ['mian.py', 'gui'] ===
INFO|2026-09-07 10:02:24|=== ptoe start: ['D:\\code-project\\python\\PToEA\\mian.py', 'correct', '--lang', 'zh-CN'] ===
INFO|2026-09-07 13:19:33|=== ptoe start: ['python.exe -m unittest', 'test_mian', 'test_stringmanage', 'test_pdfmanage'] ===
INFO|2026-09-07 13:19:33|=== ptoe start: ['python.exe -m unittest', 'test_mian', 'test_stringmanage', 'test_pdfmanage'] ===
INFO|2026-09-07 13:19:33|=== ptoe start: ['python.exe -m unittest', 'test_mian', 'test_stringmanage', 'test_pdfmanage'] ===
INFO|2026-09-07 13:19:33|pdf_to_epub start: pdf=C:\Users\ADMINI~1\AppData\Local\Temp\test_mian_8926qo16\sample.pdf, dpi=100, model=HY, workers=None
INFO|2026-09-07 13:19:34|split done: pages=3, dir=D:\code-project\python\PToEA\data\sample, elapsed=0.0s
INFO|2026-09-07 13:19:34|starting server: model=HY, workers=4
INFO|2026-09-07 13:19:34|server ready: model=HY, elapsed=0.0s
INFO|2026-09-07 13:19:34|ocr done: total_pages=3, todo=3, excluded=0, errors=0, elapsed=0.0s
INFO|2026-09-07 13:19:34|structure done: elapsed=0.0s
INFO|2026-09-07 13:19:34|history done: elapsed=0.0s
INFO|2026-09-07 13:19:34|render done: elapsed=0.0s
INFO|2026-09-07 13:19:34|pdf_to_epub success: epub=C:\Users\Administrator\AppData\Local\Temp\test_mian_8926qo16\out.epub, total_elapsed=0.1s
INFO|2026-09-07 13:19:34|=== ptoe start: ['python.exe -m unittest', 'test_mian', 'test_stringmanage', 'test_pdfmanage'] ===
INFO|2026-09-07 13:19:34|=== ptoe start: ['python.exe -m unittest', 'test_mian', 'test_stringmanage', 'test_pdfmanage'] ===
INFO|2026-09-07 14:31:50|=== ptoe start: ['mian.py', 'gui'] ===
INFO|2026-09-07 14:33:03|=== ptoe start: ['D:\\code-project\\python\\PToEA\\mian.py', 'epub', 'E:/MYBooks/books/毛泽东思想/《毛泽东思想万岁》武汉钢二司编 第一卷.pdf', '--dpi', '2', '--model', 'DOTS8', '--workers', '4', '--timeout', '600', '--lang', 'zh-CN'] ===
INFO|2026-09-07 14:33:03|pdf_to_epub start: pdf=E:\MYBooks\books\毛泽东思想\《毛泽东思想万岁》武汉钢二司编 第一卷.pdf, dpi=200, model=DOTS8, workers=4
INFO|2026-09-07 14:33:07|split done: pages=317, dir=D:\code-project\python\PToEA\data\《毛泽东思想万岁》武汉钢二司编 第一卷, elapsed=4.2s
INFO|2026-09-07 14:33:08|starting server: model=DOTS8, workers=4
INFO|2026-09-07 14:33:08|server ready: model=DOTS8, elapsed=0.0s
ERROR|2026-09-07 14:33:08|page 2 OCR failed: HTTP 400 Bad Request: request (3117 tokens) exceeds the available context size (2048 tokens), try increasing it
ERROR|2026-09-07 14:33:08|page 4 OCR failed: HTTP 400 Bad Request: request (3117 tokens) exceeds the available context size (2048 tokens), try increasing it
ERROR|2026-09-07 14:33:08|page 3 OCR failed: HTTP 400 Bad Request: request (3117 tokens) exceeds the available context size (2048 tokens), try increasing it
ERROR|2026-09-07 14:33:08|page 1 OCR failed: HTTP 400 Bad Request: request (3117 tokens) exceeds the available context size (2048 tokens), try increasing it
ERROR|2026-09-07 14:33:08|page 5 OCR failed: HTTP 400 Bad Request: request (3117 tokens) exceeds the available context size (2048 tokens), try increasing it
ERROR|2026-09-07 14:33:08|page 8 OCR failed: HTTP 400 Bad Request: request (3117 tokens) exceeds the available context size (2048 tokens), try increasing it
ERROR|2026-09-07 14:33:08|page 7 OCR failed: HTTP 400 Bad Request: request (3117 tokens) exceeds the available context size (2048 tokens), try increasing it
ERROR|2026-09-07 14:33:08|page 6 OCR failed: HTTP 400 Bad Request: request (3117 tokens) exceeds the available context size (2048 tokens), try increasing it
ERROR|2026-09-07 14:33:09|page 9 OCR failed: HTTP 400 Bad Request: request (3117 tokens) exceeds the available context size (2048 tokens), try increasing it
ERROR|2026-09-07 14:33:09|page 10 OCR failed: HTTP 400 Bad Request: request (3117 tokens) exceeds the available context size (2048 tokens), try increasing it
ERROR|2026-09-07 14:33:09|page 11 OCR failed: HTTP 400 Bad Request: request (3117 tokens) exceeds the available context size (2048 tokens), try increasing it
ERROR|2026-09-07 14:33:09|page 12 OCR failed: HTTP 400 Bad Request: request (3117 tokens) exceeds the available context size (2048 tokens), try increasing it
ERROR|2026-09-07 14:33:09|page 14 OCR failed: HTTP 400 Bad Request: request (3117 tokens) exceeds the available context size (2048 tokens), try increasing it
ERROR|2026-09-07 14:33:09|page 13 OCR failed: HTTP 400 Bad Request: request (3117 tokens) exceeds the available context size (2048 tokens), try increasing it
ERROR|2026-09-07 14:33:09|page 15 OCR failed: HTTP 400 Bad Request: request (3117 tokens) exceeds the available context size (2048 tokens), try increasing it
ERROR|2026-09-07 14:33:09|page 16 OCR failed: HTTP 400 Bad Request: request (3117 tokens) exceeds the available context size (2048 tokens), try increasing it
ERROR|2026-09-07 14:33:09|page 17 OCR failed: HTTP 400 Bad Request: request (3117 tokens) exceeds the available context size (2048 tokens), try increasing it
ERROR|2026-09-07 14:33:09|page 18 OCR failed: HTTP 400 Bad Request: request (3117 tokens) exceeds the available context size (2048 tokens), try increasing it
ERROR|2026-09-07 14:33:09|page 19 OCR failed: HTTP 400 Bad Request: request (3117 tokens) exceeds the available context size (2048 tokens), try increasing it
ERROR|2026-09-07 14:33:09|page 20 OCR failed: HTTP 400 Bad Request: request (3117 tokens) exceeds the available context size (2048 tokens), try increasing it
ERROR|2026-09-07 14:33:09|page 21 OCR failed: HTTP 400 Bad Request: request (3117 tokens) exceeds the available context size (2048 tokens), try increasing it
ERROR|2026-09-07 14:33:09|page 22 OCR failed: HTTP 400 Bad Request: request (3117 tokens) exceeds the available context size (2048 tokens), try increasing it
ERROR|2026-09-07 14:33:09|page 23 OCR failed: HTTP 400 Bad Request: request (3117 tokens) exceeds the available context size (2048 tokens), try increasing it
ERROR|2026-09-07 14:33:09|page 24 OCR failed: HTTP 400 Bad Request: request (3117 tokens) exceeds the available context size (2048 tokens), try increasing it
ERROR|2026-09-07 14:33:09|page 25 OCR failed: HTTP 400 Bad Request: request (3117 tokens) exceeds the available context size (2048 tokens), try increasing it
ERROR|2026-09-07 14:33:09|page 26 OCR failed: HTTP 400 Bad Request: request (3117 tokens) exceeds the available context size (2048 tokens), try increasing it
ERROR|2026-09-07 14:33:09|page 28 OCR failed: HTTP 400 Bad Request: request (3117 tokens) exceeds the available context size (2048 tokens), try increasing it
ERROR|2026-09-07 14:33:09|page 27 OCR failed: HTTP 400 Bad Request: request (3117 tokens) exceeds the available context size (2048 tokens), try increasing it
ERROR|2026-09-07 14:33:09|page 29 OCR failed: HTTP 400 Bad Request: request (3117 tokens) exceeds the available context size (2048 tokens), try increasing it
ERROR|2026-09-07 14:33:09|page 30 OCR failed: HTTP 400 Bad Request: request (3117 tokens) exceeds the available context size (2048 tokens), try increasing it
ERROR|2026-09-07 14:33:09|page 31 OCR failed: HTTP 400 Bad Request: request (3117 tokens) exceeds the available context size (2048 tokens), try increasing it
ERROR|2026-09-07 14:33:09|page 32 OCR failed: HTTP 400 Bad Request: request (3117 tokens) exceeds the available context size (2048 tokens), try increasing it
ERROR|2026-09-07 14:33:09|page 33 OCR failed: HTTP 400 Bad Request: request (3117 tokens) exceeds the available context size (2048 tokens), try increasing it
ERROR|2026-09-07 14:33:09|page 34 OCR failed: HTTP 400 Bad Request: request (3117 tokens) exceeds the available context size (2048 tokens), try increasing it
ERROR|2026-09-07 14:33:10|page 35 OCR failed: HTTP 400 Bad Request: request (3117 tokens) exceeds the available context size (2048 tokens), try increasing it
ERROR|2026-09-07 14:33:10|page 36 OCR failed: HTTP 400 Bad Request: request (3117 tokens) exceeds the available context size (2048 tokens), try increasing it
ERROR|2026-09-07 14:33:10|page 37 OCR failed: HTTP 400 Bad Request: request (3117 tokens) exceeds the available context size (2048 tokens), try increasing it
ERROR|2026-09-07 14:33:10|page 38 OCR failed: HTTP 400 Bad Request: request (3117 tokens) exceeds the available context size (2048 tokens), try increasing it
ERROR|2026-09-07 14:33:10|page 39 OCR failed: HTTP 400 Bad Request: request (3117 tokens) exceeds the available context size (2048 tokens), try increasing it
ERROR|2026-09-07 14:33:10|page 40 OCR failed: HTTP 400 Bad Request: request (3117 tokens) exceeds the available context size (2048 tokens), try increasing it
ERROR|2026-09-07 14:33:10|page 41 OCR failed: HTTP 400 Bad Request: request (3117 tokens) exceeds the available context size (2048 tokens), try increasing it
ERROR|2026-09-07 14:33:10|page 42 OCR failed: HTTP 400 Bad Request: request (3117 tokens) exceeds the available context size (2048 tokens), try increasing it
ERROR|2026-09-07 14:33:10|page 44 OCR failed: HTTP 400 Bad Request: request (3117 tokens) exceeds the available context size (2048 tokens), try increasing it
ERROR|2026-09-07 14:33:10|page 43 OCR failed: HTTP 400 Bad Request: request (3117 tokens) exceeds the available context size (2048 tokens), try increasing it
ERROR|2026-09-07 14:33:10|page 45 OCR failed: HTTP 400 Bad Request: request (3117 tokens) exceeds the available context size (2048 tokens), try increasing it
ERROR|2026-09-07 14:33:10|page 46 OCR failed: HTTP 400 Bad Request: request (3117 tokens) exceeds the available context size (2048 tokens), try increasing it
ERROR|2026-09-07 14:33:10|page 47 OCR failed: HTTP 400 Bad Request: request (3117 tokens) exceeds the available context size (2048 tokens), try increasing it
ERROR|2026-09-07 14:33:10|page 48 OCR failed: HTTP 400 Bad Request: request (3117 tokens) exceeds the available context size (2048 tokens), try increasing it
ERROR|2026-09-07 14:33:10|page 49 OCR failed: HTTP 400 Bad Request: request (3117 tokens) exceeds the available context size (2048 tokens), try increasing it
ERROR|2026-09-07 14:33:10|page 50 OCR failed: HTTP 400 Bad Request: request (3117 tokens) exceeds the available context size (2048 tokens), try increasing it
ERROR|2026-09-07 14:33:10|page 51 OCR failed: HTTP 400 Bad Request: request (3117 tokens) exceeds the available context size (2048 tokens), try increasing it
ERROR|2026-09-07 14:33:10|page 53 OCR failed: HTTP 400 Bad Request: request (3117 tokens) exceeds the available context size (2048 tokens), try increasing it
ERROR|2026-09-07 14:33:10|page 52 OCR failed: HTTP 400 Bad Request: request (3117 tokens) exceeds the available context size (2048 tokens), try increasing it
ERROR|2026-09-07 14:33:10|page 54 OCR failed: HTTP 400 Bad Request: request (3117 tokens) exceeds the available context size (2048 tokens), try increasing it
ERROR|2026-09-07 14:33:10|page 55 OCR failed: HTTP 400 Bad Request: request (3117 tokens) exceeds the available context size (2048 tokens), try increasing it
ERROR|2026-09-07 14:33:10|page 56 OCR failed: HTTP 400 Bad Request: request (3117 tokens) exceeds the available context size (2048 tokens), try increasing it
ERROR|2026-09-07 14:33:10|page 57 OCR failed: HTTP 400 Bad Request: request (3117 tokens) exceeds the available context size (2048 tokens), try increasing it
ERROR|2026-09-07 14:33:10|page 58 OCR failed: HTTP 400 Bad Request: request (3117 tokens) exceeds the available context size (2048 tokens), try increasing it
ERROR|2026-09-07 14:33:10|page 59 OCR failed: HTTP 400 Bad Request: request (3117 tokens) exceeds the available context size (2048 tokens), try increasing it
ERROR|2026-09-07 14:33:11|page 61 OCR failed: HTTP 400 Bad Request: request (3117 tokens) exceeds the available context size (2048 tokens), try increasing it
ERROR|2026-09-07 14:33:11|page 60 OCR failed: HTTP 400 Bad Request: request (3117 tokens) exceeds the available context size (2048 tokens), try increasing it
ERROR|2026-09-07 14:33:11|page 62 OCR failed: HTTP 400 Bad Request: request (3117 tokens) exceeds the available context size (2048 tokens), try increasing it
ERROR|2026-09-07 14:33:11|page 63 OCR failed: HTTP 400 Bad Request: request (3117 tokens) exceeds the available context size (2048 tokens), try increasing it
ERROR|2026-09-07 14:33:11|page 64 OCR failed: HTTP 400 Bad Request: request (3117 tokens) exceeds the available context size (2048 tokens), try increasing it
ERROR|2026-09-07 14:33:11|page 65 OCR failed: HTTP 400 Bad Request: request (3117 tokens) exceeds the available context size (2048 tokens), try increasing it
ERROR|2026-09-07 14:33:11|page 66 OCR failed: HTTP 400 Bad Request: request (3117 tokens) exceeds the available context size (2048 tokens), try increasing it
ERROR|2026-09-07 14:33:11|page 67 OCR failed: HTTP 400 Bad Request: request (3117 tokens) exceeds the available context size (2048 tokens), try increasing it
ERROR|2026-09-07 14:33:11|page 68 OCR failed: HTTP 400 Bad Request: request (3117 tokens) exceeds the available context size (2048 tokens), try increasing it
ERROR|2026-09-07 14:33:11|page 69 OCR failed: HTTP 400 Bad Request: request (3117 tokens) exceeds the available context size (2048 tokens), try increasing it
ERROR|2026-09-07 14:33:11|page 70 OCR failed: HTTP 400 Bad Request: request (3117 tokens) exceeds the available context size (2048 tokens), try increasing it
ERROR|2026-09-07 14:33:11|page 71 OCR failed: HTTP 400 Bad Request: request (3117 tokens) exceeds the available context size (2048 tokens), try increasing it
ERROR|2026-09-07 14:33:11|page 72 OCR failed: HTTP 400 Bad Request: request (3117 tokens) exceeds the available context size (2048 tokens), try increasing it
ERROR|2026-09-07 14:33:11|page 73 OCR failed: HTTP 400 Bad Request: request (3117 tokens) exceeds the available context size (2048 tokens), try increasing it
ERROR|2026-09-07 14:33:11|page 74 OCR failed: HTTP 400 Bad Request: request (3117 tokens) exceeds the available context size (2048 tokens), try increasing it
ERROR|2026-09-07 14:33:11|page 75 OCR failed: HTTP 400 Bad Request: request (3117 tokens) exceeds the available context size (2048 tokens), try increasing it
ERROR|2026-09-07 14:33:11|page 76 OCR failed: HTTP 400 Bad Request: request (3117 tokens) exceeds the available context size (2048 tokens), try increasing it
ERROR|2026-09-07 14:33:11|page 77 OCR failed: HTTP 400 Bad Request: request (3117 tokens) exceeds the available context size (2048 tokens), try increasing it
ERROR|2026-09-07 14:33:11|page 78 OCR failed: HTTP 400 Bad Request: request (3117 tokens) exceeds the available context size (2048 tokens), try increasing it
ERROR|2026-09-07 14:33:11|page 79 OCR failed: HTTP 400 Bad Request: request (3117 tokens) exceeds the available context size (2048 tokens), try increasing it
ERROR|2026-09-07 14:33:11|page 80 OCR failed: HTTP 400 Bad Request: request (3117 tokens) exceeds the available context size (2048 tokens), try increasing it
ERROR|2026-09-07 14:33:11|page 81 OCR failed: HTTP 400 Bad Request: request (3117 tokens) exceeds the available context size (2048 tokens), try increasing it
ERROR|2026-09-07 14:33:11|page 82 OCR failed: HTTP 400 Bad Request: request (3117 tokens) exceeds the available context size (2048 tokens), try increasing it
ERROR|2026-09-07 14:33:11|page 83 OCR failed: HTTP 400 Bad Request: request (3117 tokens) exceeds the available context size (2048 tokens), try increasing it
ERROR|2026-09-07 14:33:11|page 84 OCR failed: HTTP 400 Bad Request: request (3117 tokens) exceeds the available context size (2048 tokens), try increasing it
ERROR|2026-09-07 14:33:11|page 85 OCR failed: HTTP 400 Bad Request: request (3117 tokens) exceeds the available context size (2048 tokens), try increasing it
ERROR|2026-09-07 14:33:11|page 86 OCR failed: HTTP 400 Bad Request: request (3117 tokens) exceeds the available context size (2048 tokens), try increasing it
ERROR|2026-09-07 14:33:12|page 87 OCR failed: HTTP 400 Bad Request: request (3117 tokens) exceeds the available context size (2048 tokens), try increasing it
ERROR|2026-09-07 14:33:12|page 88 OCR failed: HTTP 400 Bad Request: request (3117 tokens) exceeds the available context size (2048 tokens), try increasing it
ERROR|2026-09-07 14:33:12|page 89 OCR failed: HTTP 400 Bad Request: request (3117 tokens) exceeds the available context size (2048 tokens), try increasing it
ERROR|2026-09-07 14:33:12|page 90 OCR failed: HTTP 400 Bad Request: request (3117 tokens) exceeds the available context size (2048 tokens), try increasing it
ERROR|2026-09-07 14:33:12|page 91 OCR failed: HTTP 400 Bad Request: request (3117 tokens) exceeds the available context size (2048 tokens), try increasing it
ERROR|2026-09-07 14:33:12|page 92 OCR failed: HTTP 400 Bad Request: request (3117 tokens) exceeds the available context size (2048 tokens), try increasing it
ERROR|2026-09-07 14:33:12|page 94 OCR failed: HTTP 400 Bad Request: request (3117 tokens) exceeds the available context size (2048 tokens), try increasing it
ERROR|2026-09-07 14:33:12|page 93 OCR failed: HTTP 400 Bad Request: request (3117 tokens) exceeds the available context size (2048 tokens), try increasing it
ERROR|2026-09-07 14:33:12|page 95 OCR failed: HTTP 400 Bad Request: request (3117 tokens) exceeds the available context size (2048 tokens), try increasing it
ERROR|2026-09-07 14:33:12|page 96 OCR failed: HTTP 400 Bad Request: request (3117 tokens) exceeds the available context size (2048 tokens), try increasing it
ERROR|2026-09-07 14:33:12|page 97 OCR failed: HTTP 400 Bad Request: request (3117 tokens) exceeds the available context size (2048 tokens), try increasing it
ERROR|2026-09-07 14:33:12|page 98 OCR failed: HTTP 400 Bad Request: request (3117 tokens) exceeds the available context size (2048 tokens), try increasing it
ERROR|2026-09-07 14:33:12|page 99 OCR failed: HTTP 400 Bad Request: request (3117 tokens) exceeds the available context size (2048 tokens), try increasing it
ERROR|2026-09-07 14:33:12|page 100 OCR failed: HTTP 400 Bad Request: request (3117 tokens) exceeds the available context size (2048 tokens), try increasing it
ERROR|2026-09-07 14:33:12|page 101 OCR failed: HTTP 400 Bad Request: request (3117 tokens) exceeds the available context size (2048 tokens), try increasing it
ERROR|2026-09-07 14:33:12|page 102 OCR failed: HTTP 400 Bad Request: request (3117 tokens) exceeds the available context size (2048 tokens), try increasing it
ERROR|2026-09-07 14:33:12|page 103 OCR failed: HTTP 400 Bad Request: request (3117 tokens) exceeds the available context size (2048 tokens), try increasing it
ERROR|2026-09-07 14:33:12|page 104 OCR failed: HTTP 400 Bad Request: request (3117 tokens) exceeds the available context size (2048 tokens), try increasing it
ERROR|2026-09-07 14:33:12|page 105 OCR failed: HTTP 400 Bad Request: request (3117 tokens) exceeds the available context size (2048 tokens), try increasing it
ERROR|2026-09-07 14:33:12|page 106 OCR failed: HTTP 400 Bad Request: request (3117 tokens) exceeds the available context size (2048 tokens), try increasing it
ERROR|2026-09-07 14:33:12|page 107 OCR failed: HTTP 400 Bad Request: request (3117 tokens) exceeds the available context size (2048 tokens), try increasing it
ERROR|2026-09-07 14:33:12|page 108 OCR failed: HTTP 400 Bad Request: request (3117 tokens) exceeds the available context size (2048 tokens), try increasing it
ERROR|2026-09-07 14:33:12|page 109 OCR failed: HTTP 400 Bad Request: request (3117 tokens) exceeds the available context size (2048 tokens), try increasing it
ERROR|2026-09-07 14:33:12|page 110 OCR failed: HTTP 400 Bad Request: request (3117 tokens) exceeds the available context size (2048 tokens), try increasing it
ERROR|2026-09-07 14:33:12|page 111 OCR failed: HTTP 400 Bad Request: request (3117 tokens) exceeds the available context size (2048 tokens), try increasing it
ERROR|2026-09-07 14:33:13|page 113 OCR failed: HTTP 400 Bad Request: request (3117 tokens) exceeds the available context size (2048 tokens), try increasing it
ERROR|2026-09-07 14:33:13|page 112 OCR failed: HTTP 400 Bad Request: request (3117 tokens) exceeds the available context size (2048 tokens), try increasing it
ERROR|2026-09-07 14:33:13|page 114 OCR failed: HTTP 400 Bad Request: request (3117 tokens) exceeds the available context size (2048 tokens), try increasing it
ERROR|2026-09-07 14:33:13|page 115 OCR failed: HTTP 400 Bad Request: request (3117 tokens) exceeds the available context size (2048 tokens), try increasing it
ERROR|2026-09-07 14:33:13|page 116 OCR failed: HTTP 400 Bad Request: request (3117 tokens) exceeds the available context size (2048 tokens), try increasing it
ERROR|2026-09-07 14:33:13|page 117 OCR failed: HTTP 400 Bad Request: request (3117 tokens) exceeds the available context size (2048 tokens), try increasing it
ERROR|2026-09-07 14:33:13|page 118 OCR failed: HTTP 400 Bad Request: request (3117 tokens) exceeds the available context size (2048 tokens), try increasing it
ERROR|2026-09-07 14:33:13|page 119 OCR failed: HTTP 400 Bad Request: request (3117 tokens) exceeds the available context size (2048 tokens), try increasing it
ERROR|2026-09-07 14:33:13|page 121 OCR failed: HTTP 400 Bad Request: request (3117 tokens) exceeds the available context size (2048 tokens), try increasing it
ERROR|2026-09-07 14:33:13|page 120 OCR failed: HTTP 400 Bad Request: request (3117 tokens) exceeds the available context size (2048 tokens), try increasing it
ERROR|2026-09-07 14:33:13|page 122 OCR failed: HTTP 400 Bad Request: request (3117 tokens) exceeds the available context size (2048 tokens), try increasing it
ERROR|2026-09-07 14:33:13|page 123 OCR failed: HTTP 400 Bad Request: request (3117 tokens) exceeds the available context size (2048 tokens), try increasing it
ERROR|2026-09-07 14:33:13|page 125 OCR failed: HTTP 400 Bad Request: request (3117 tokens) exceeds the available context size (2048 tokens), try increasing it
ERROR|2026-09-07 14:33:13|page 124 OCR failed: HTTP 400 Bad Request: request (3117 tokens) exceeds the available context size (2048 tokens), try increasing it
ERROR|2026-09-07 14:33:13|page 126 OCR failed: HTTP 400 Bad Request: request (3117 tokens) exceeds the available context size (2048 tokens), try increasing it
ERROR|2026-09-07 14:33:13|page 127 OCR failed: HTTP 400 Bad Request: request (3117 tokens) exceeds the available context size (2048 tokens), try increasing it
ERROR|2026-09-07 14:33:13|page 128 OCR failed: HTTP 400 Bad Request: request (3117 tokens) exceeds the available context size (2048 tokens), try increasing it
ERROR|2026-09-07 14:33:13|page 129 OCR failed: HTTP 400 Bad Request: request (3117 tokens) exceeds the available context size (2048 tokens), try increasing it
ERROR|2026-09-07 14:33:13|page 130 OCR failed: HTTP 400 Bad Request: request (3117 tokens) exceeds the available context size (2048 tokens), try increasing it
ERROR|2026-09-07 14:33:13|page 131 OCR failed: HTTP 400 Bad Request: request (3117 tokens) exceeds the available context size (2048 tokens), try increasing it
ERROR|2026-09-07 14:33:13|page 132 OCR failed: HTTP 400 Bad Request: request (3117 tokens) exceeds the available context size (2048 tokens), try increasing it
ERROR|2026-09-07 14:33:13|page 133 OCR failed: HTTP 400 Bad Request: request (3117 tokens) exceeds the available context size (2048 tokens), try increasing it
ERROR|2026-09-07 14:33:13|page 134 OCR failed: HTTP 400 Bad Request: request (3117 tokens) exceeds the available context size (2048 tokens), try increasing it
ERROR|2026-09-07 14:33:13|page 135 OCR failed: HTTP 400 Bad Request: request (3117 tokens) exceeds the available context size (2048 tokens), try increasing it
ERROR|2026-09-07 14:33:13|page 136 OCR failed: HTTP 400 Bad Request: request (3117 tokens) exceeds the available context size (2048 tokens), try increasing it
ERROR|2026-09-07 14:33:13|page 137 OCR failed: HTTP 400 Bad Request: request (3117 tokens) exceeds the available context size (2048 tokens), try increasing it
ERROR|2026-09-07 14:33:14|page 138 OCR failed: HTTP 400 Bad Request: request (3117 tokens) exceeds the available context size (2048 tokens), try increasing it
ERROR|2026-09-07 14:33:14|page 139 OCR failed: HTTP 400 Bad Request: request (3117 tokens) exceeds the available context size (2048 tokens), try increasing it
ERROR|2026-09-07 14:33:14|page 140 OCR failed: HTTP 400 Bad Request: request (3117 tokens) exceeds the available context size (2048 tokens), try increasing it
ERROR|2026-09-07 14:33:14|page 141 OCR failed: HTTP 400 Bad Request: request (3117 tokens) exceeds the available context size (2048 tokens), try increasing it
ERROR|2026-09-07 14:33:14|page 142 OCR failed: HTTP 400 Bad Request: request (3117 tokens) exceeds the available context size (2048 tokens), try increasing it
ERROR|2026-09-07 14:33:14|page 143 OCR failed: HTTP 400 Bad Request: request (3117 tokens) exceeds the available context size (2048 tokens), try increasing it
ERROR|2026-09-07 14:33:14|page 144 OCR failed: HTTP 400 Bad Request: request (3117 tokens) exceeds the available context size (2048 tokens), try increasing it
ERROR|2026-09-07 14:33:14|page 145 OCR failed: HTTP 400 Bad Request: request (3117 tokens) exceeds the available context size (2048 tokens), try increasing it
ERROR|2026-09-07 14:33:14|page 146 OCR failed: HTTP 400 Bad Request: request (3117 tokens) exceeds the available context size (2048 tokens), try increasing it
ERROR|2026-09-07 14:33:14|page 147 OCR failed: HTTP 400 Bad Request: request (3117 tokens) exceeds the available context size (2048 tokens), try increasing it
ERROR|2026-09-07 14:33:14|page 148 OCR failed: HTTP 400 Bad Request: request (3117 tokens) exceeds the available context size (2048 tokens), try increasing it
ERROR|2026-09-07 14:33:14|page 149 OCR failed: HTTP 400 Bad Request: request (3117 tokens) exceeds the available context size (2048 tokens), try increasing it
ERROR|2026-09-07 14:33:14|page 151 OCR failed: HTTP 400 Bad Request: request (3117 tokens) exceeds the available context size (2048 tokens), try increasing it
ERROR|2026-09-07 14:33:14|page 150 OCR failed: HTTP 400 Bad Request: request (3117 tokens) exceeds the available context size (2048 tokens), try increasing it
ERROR|2026-09-07 14:33:14|page 152 OCR failed: HTTP 400 Bad Request: request (3117 tokens) exceeds the available context size (2048 tokens), try increasing it
ERROR|2026-09-07 14:33:14|page 153 OCR failed: HTTP 400 Bad Request: request (3117 tokens) exceeds the available context size (2048 tokens), try increasing it
ERROR|2026-09-07 14:33:14|page 155 OCR failed: HTTP 400 Bad Request: request (3117 tokens) exceeds the available context size (2048 tokens), try increasing it
ERROR|2026-09-07 14:33:14|page 154 OCR failed: HTTP 400 Bad Request: request (3117 tokens) exceeds the available context size (2048 tokens), try increasing it
ERROR|2026-09-07 14:33:14|page 156 OCR failed: HTTP 400 Bad Request: request (3117 tokens) exceeds the available context size (2048 tokens), try increasing it
ERROR|2026-09-07 14:33:14|page 157 OCR failed: HTTP 400 Bad Request: request (3117 tokens) exceeds the available context size (2048 tokens), try increasing it
ERROR|2026-09-07 14:33:14|page 158 OCR failed: HTTP 400 Bad Request: request (3117 tokens) exceeds the available context size (2048 tokens), try increasing it
ERROR|2026-09-07 14:33:14|page 159 OCR failed: HTTP 400 Bad Request: request (3117 tokens) exceeds the available context size (2048 tokens), try increasing it
ERROR|2026-09-07 14:33:14|page 160 OCR failed: HTTP 400 Bad Request: request (3117 tokens) exceeds the available context size (2048 tokens), try increasing it
ERROR|2026-09-07 14:33:14|page 161 OCR failed: HTTP 400 Bad Request: request (3117 tokens) exceeds the available context size (2048 tokens), try increasing it
ERROR|2026-09-07 14:33:14|page 163 OCR failed: HTTP 400 Bad Request: request (3117 tokens) exceeds the available context size (2048 tokens), try increasing it
ERROR|2026-09-07 14:33:14|page 162 OCR failed: HTTP 400 Bad Request: request (3117 tokens) exceeds the available context size (2048 tokens), try increasing it
ERROR|2026-09-07 14:33:14|page 164 OCR failed: HTTP 400 Bad Request: request (3117 tokens) exceeds the available context size (2048 tokens), try increasing it
ERROR|2026-09-07 14:33:14|page 166 OCR failed: HTTP 400 Bad Request: request (3117 tokens) exceeds the available context size (2048 tokens), try increasing it
ERROR|2026-09-07 14:33:14|page 165 OCR failed: HTTP 400 Bad Request: request (3117 tokens) exceeds the available context size (2048 tokens), try increasing it
ERROR|2026-09-07 14:33:15|page 167 OCR failed: HTTP 400 Bad Request: request (3117 tokens) exceeds the available context size (2048 tokens), try increasing it
ERROR|2026-09-07 14:33:15|page 168 OCR failed: HTTP 400 Bad Request: request (3117 tokens) exceeds the available context size (2048 tokens), try increasing it
ERROR|2026-09-07 14:33:15|page 169 OCR failed: HTTP 400 Bad Request: request (3117 tokens) exceeds the available context size (2048 tokens), try increasing it
ERROR|2026-09-07 14:33:15|page 170 OCR failed: HTTP 400 Bad Request: request (3117 tokens) exceeds the available context size (2048 tokens), try increasing it
ERROR|2026-09-07 14:33:15|page 171 OCR failed: HTTP 400 Bad Request: request (3117 tokens) exceeds the available context size (2048 tokens), try increasing it
ERROR|2026-09-07 14:33:15|page 172 OCR failed: HTTP 400 Bad Request: request (3117 tokens) exceeds the available context size (2048 tokens), try increasing it
ERROR|2026-09-07 14:33:15|page 173 OCR failed: HTTP 400 Bad Request: request (3117 tokens) exceeds the available context size (2048 tokens), try increasing it
ERROR|2026-09-07 14:33:15|page 175 OCR failed: HTTP 400 Bad Request: request (3117 tokens) exceeds the available context size (2048 tokens), try increasing it
ERROR|2026-09-07 14:33:15|page 174 OCR failed: HTTP 400 Bad Request: request (3117 tokens) exceeds the available context size (2048 tokens), try increasing it
ERROR|2026-09-07 14:33:15|page 176 OCR failed: HTTP 400 Bad Request: request (3117 tokens) exceeds the available context size (2048 tokens), try increasing it
ERROR|2026-09-07 14:33:15|page 177 OCR failed: HTTP 400 Bad Request: request (3117 tokens) exceeds the available context size (2048 tokens), try increasing it
ERROR|2026-09-07 14:33:15|page 178 OCR failed: HTTP 400 Bad Request: request (3117 tokens) exceeds the available context size (2048 tokens), try increasing it
ERROR|2026-09-07 14:33:15|page 179 OCR failed: HTTP 400 Bad Request: request (3117 tokens) exceeds the available context size (2048 tokens), try increasing it
ERROR|2026-09-07 14:33:15|page 180 OCR failed: HTTP 400 Bad Request: request (3117 tokens) exceeds the available context size (2048 tokens), try increasing it
ERROR|2026-09-07 14:33:15|page 182 OCR failed: HTTP 400 Bad Request: request (3117 tokens) exceeds the available context size (2048 tokens), try increasing it
ERROR|2026-09-07 14:33:15|page 181 OCR failed: HTTP 400 Bad Request: request (3117 tokens) exceeds the available context size (2048 tokens), try increasing it
ERROR|2026-09-07 14:33:15|page 183 OCR failed: HTTP 400 Bad Request: request (3117 tokens) exceeds the available context size (2048 tokens), try increasing it
ERROR|2026-09-07 14:33:15|page 184 OCR failed: HTTP 400 Bad Request: request (3117 tokens) exceeds the available context size (2048 tokens), try increasing it
ERROR|2026-09-07 14:33:15|page 186 OCR failed: HTTP 400 Bad Request: request (3117 tokens) exceeds the available context size (2048 tokens), try increasing it
ERROR|2026-09-07 14:33:15|page 185 OCR failed: HTTP 400 Bad Request: request (3117 tokens) exceeds the available context size (2048 tokens), try increasing it
ERROR|2026-09-07 14:33:15|page 187 OCR failed: HTTP 400 Bad Request: request (3117 tokens) exceeds the available context size (2048 tokens), try increasing it
ERROR|2026-09-07 14:33:15|page 188 OCR failed: HTTP 400 Bad Request: request (3117 tokens) exceeds the available context size (2048 tokens), try increasing it
ERROR|2026-09-07 14:33:15|page 191 OCR failed: HTTP 400 Bad Request: request (3117 tokens) exceeds the available context size (2048 tokens), try increasing it
ERROR|2026-09-07 14:33:15|page 190 OCR failed: HTTP 400 Bad Request: request (3117 tokens) exceeds the available context size (2048 tokens), try increasing it
ERROR|2026-09-07 14:33:15|page 189 OCR failed: HTTP 400 Bad Request: request (3117 tokens) exceeds the available context size (2048 tokens), try increasing it
ERROR|2026-09-07 14:33:15|page 192 OCR failed: HTTP 400 Bad Request: request (3117 tokens) exceeds the available context size (2048 tokens), try increasing it
INFO|2026-09-07 14:34:02|=== ptoe start: ['mian.py', 'gui'] ===
INFO|2026-09-07 14:34:15|=== ptoe start: ['D:\\code-project\\python\\PToEA\\mian.py', 'epub', 'E:/MYBooks/books/毛泽东思想/《毛泽东思想万岁》武汉钢二司编 第一卷.pdf', '--dpi', '2', '--model', 'DOTS8', '--workers', '4', '--timeout', '600', '--lang', 'zh-CN', '--exclude', '1-9'] ===
INFO|2026-09-07 14:34:15|pdf_to_epub start: pdf=E:\MYBooks\books\毛泽东思想\《毛泽东思想万岁》武汉钢二司编 第一卷.pdf, dpi=200, model=DOTS8, workers=4
INFO|2026-09-07 14:34:15|split done: pages=317, dir=D:\code-project\python\PToEA\data\《毛泽东思想万岁》武汉钢二司编 第一卷, elapsed=0.0s
INFO|2026-09-07 14:34:15|exclude pages: [1, 2, 3, 4, 5, 6, 7, 8, 9] (count=9)
INFO|2026-09-07 14:34:17|starting server: model=DOTS8, workers=4
INFO|2026-09-07 14:34:17|server ready: model=DOTS8, elapsed=0.0s
ERROR|2026-09-07 14:34:17|page 12 OCR failed: HTTP 400 Bad Request: request (3117 tokens) exceeds the available context size (2048 tokens), try increasing it
ERROR|2026-09-07 14:34:17|page 13 OCR failed: HTTP 400 Bad Request: request (3117 tokens) exceeds the available context size (2048 tokens), try increasing it
ERROR|2026-09-07 14:34:17|page 11 OCR failed: HTTP 400 Bad Request: request (3117 tokens) exceeds the available context size (2048 tokens), try increasing it
ERROR|2026-09-07 14:34:17|page 10 OCR failed: HTTP 400 Bad Request: request (3117 tokens) exceeds the available context size (2048 tokens), try increasing it
ERROR|2026-09-07 14:34:18|page 14 OCR failed: HTTP 400 Bad Request: request (3117 tokens) exceeds the available context size (2048 tokens), try increasing it
ERROR|2026-09-07 14:34:18|page 15 OCR failed: HTTP 400 Bad Request: request (3117 tokens) exceeds the available context size (2048 tokens), try increasing it
ERROR|2026-09-07 14:34:18|page 16 OCR failed: HTTP 400 Bad Request: request (3117 tokens) exceeds the available context size (2048 tokens), try increasing it
ERROR|2026-09-07 14:34:18|page 17 OCR failed: HTTP 400 Bad Request: request (3117 tokens) exceeds the available context size (2048 tokens), try increasing it
ERROR|2026-09-07 14:34:18|page 18 OCR failed: HTTP 400 Bad Request: request (3117 tokens) exceeds the available context size (2048 tokens), try increasing it
ERROR|2026-09-07 14:34:18|page 19 OCR failed: HTTP 400 Bad Request: request (3117 tokens) exceeds the available context size (2048 tokens), try increasing it
ERROR|2026-09-07 14:34:18|page 20 OCR failed: HTTP 400 Bad Request: request (3117 tokens) exceeds the available context size (2048 tokens), try increasing it
ERROR|2026-09-07 14:34:18|page 21 OCR failed: HTTP 400 Bad Request: request (3117 tokens) exceeds the available context size (2048 tokens), try increasing it
ERROR|2026-09-07 14:34:18|page 22 OCR failed: HTTP 400 Bad Request: request (3117 tokens) exceeds the available context size (2048 tokens), try increasing it
ERROR|2026-09-07 14:34:18|page 23 OCR failed: HTTP 400 Bad Request: request (3117 tokens) exceeds the available context size (2048 tokens), try increasing it
ERROR|2026-09-07 14:34:18|page 25 OCR failed: HTTP 400 Bad Request: request (3117 tokens) exceeds the available context size (2048 tokens), try increasing it
ERROR|2026-09-07 14:34:18|page 24 OCR failed: HTTP 400 Bad Request: request (3117 tokens) exceeds the available context size (2048 tokens), try increasing it
ERROR|2026-09-07 14:34:18|page 26 OCR failed: HTTP 400 Bad Request: request (3117 tokens) exceeds the available context size (2048 tokens), try increasing it
ERROR|2026-09-07 14:34:18|page 27 OCR failed: HTTP 400 Bad Request: request (3117 tokens) exceeds the available context size (2048 tokens), try increasing it
ERROR|2026-09-07 14:34:18|page 28 OCR failed: HTTP 400 Bad Request: request (3117 tokens) exceeds the available context size (2048 tokens), try increasing it
ERROR|2026-09-07 14:34:18|page 29 OCR failed: HTTP 400 Bad Request: request (3117 tokens) exceeds the available context size (2048 tokens), try increasing it
ERROR|2026-09-07 14:34:18|page 30 OCR failed: HTTP 400 Bad Request: request (3117 tokens) exceeds the available context size (2048 tokens), try increasing it
ERROR|2026-09-07 14:34:18|page 31 OCR failed: HTTP 400 Bad Request: request (3117 tokens) exceeds the available context size (2048 tokens), try increasing it
ERROR|2026-09-07 14:34:18|page 32 OCR failed: HTTP 400 Bad Request: request (3117 tokens) exceeds the available context size (2048 tokens), try increasing it
ERROR|2026-09-07 14:34:18|page 33 OCR failed: HTTP 400 Bad Request: request (3117 tokens) exceeds the available context size (2048 tokens), try increasing it
ERROR|2026-09-07 14:34:18|page 34 OCR failed: HTTP 400 Bad Request: request (3117 tokens) exceeds the available context size (2048 tokens), try increasing it
ERROR|2026-09-07 14:34:18|page 36 OCR failed: HTTP 400 Bad Request: request (3117 tokens) exceeds the available context size (2048 tokens), try increasing it
ERROR|2026-09-07 14:34:18|page 35 OCR failed: HTTP 400 Bad Request: request (3117 tokens) exceeds the available context size (2048 tokens), try increasing it
ERROR|2026-09-07 14:34:18|page 37 OCR failed: HTTP 400 Bad Request: request (3117 tokens) exceeds the available context size (2048 tokens), try increasing it
ERROR|2026-09-07 14:34:18|page 38 OCR failed: HTTP 400 Bad Request: request (3117 tokens) exceeds the available context size (2048 tokens), try increasing it
ERROR|2026-09-07 14:34:18|page 39 OCR failed: HTTP 400 Bad Request: request (3117 tokens) exceeds the available context size (2048 tokens), try increasing it
ERROR|2026-09-07 14:34:18|page 40 OCR failed: HTTP 400 Bad Request: request (3117 tokens) exceeds the available context size (2048 tokens), try increasing it
ERROR|2026-09-07 14:34:18|page 41 OCR failed: HTTP 400 Bad Request: request (3117 tokens) exceeds the available context size (2048 tokens), try increasing it
ERROR|2026-09-07 14:34:18|page 42 OCR failed: HTTP 400 Bad Request: request (3117 tokens) exceeds the available context size (2048 tokens), try increasing it
ERROR|2026-09-07 14:34:19|page 45 OCR failed: HTTP 400 Bad Request: request (3117 tokens) exceeds the available context size (2048 tokens), try increasing it
ERROR|2026-09-07 14:34:19|page 44 OCR failed: HTTP 400 Bad Request: request (3117 tokens) exceeds the available context size (2048 tokens), try increasing it
ERROR|2026-09-07 14:34:19|page 43 OCR failed: HTTP 400 Bad Request: request (3117 tokens) exceeds the available context size (2048 tokens), try increasing it
ERROR|2026-09-07 14:34:19|page 46 OCR failed: HTTP 400 Bad Request: request (3117 tokens) exceeds the available context size (2048 tokens), try increasing it
INFO|2026-09-07 14:51:22|=== ptoe start: ['python.exe -m unittest', 'test_mian'] ===
INFO|2026-09-07 14:51:22|=== ptoe start: ['python.exe -m unittest', 'test_mian'] ===
INFO|2026-09-07 14:51:22|=== ptoe start: ['python.exe -m unittest', 'test_mian'] ===
INFO|2026-09-07 14:51:22|pdf_to_epub start: pdf=C:\Users\ADMINI~1\AppData\Local\Temp\test_mian_kfo0ujyd\sample.pdf, dpi=100, model=HY, workers=None
INFO|2026-09-07 14:51:22|split done: pages=3, dir=D:\code-project\python\PToEA\data\sample, elapsed=0.0s
INFO|2026-09-07 14:51:22|starting server: model=HY, workers=4
INFO|2026-09-07 14:51:22|server ready: model=HY, elapsed=0.0s
INFO|2026-09-07 14:51:22|ocr done: total_pages=3, todo=3, excluded=0, errors=0, elapsed=0.0s
INFO|2026-09-07 14:51:22|structure done: elapsed=0.0s
INFO|2026-09-07 14:51:22|history done: elapsed=0.0s
INFO|2026-09-07 14:51:22|render done: elapsed=0.0s
INFO|2026-09-07 14:51:22|pdf_to_epub success: epub=C:\Users\Administrator\AppData\Local\Temp\test_mian_kfo0ujyd\out.epub, total_elapsed=0.0s
INFO|2026-09-07 14:51:22|=== ptoe start: ['python.exe -m unittest', 'test_mian'] ===
INFO|2026-09-07 14:51:22|=== ptoe start: ['python.exe -m unittest', 'test_mian'] ===
INFO|2026-09-07 14:51:36|=== ptoe start: ['python.exe -m unittest', 'test_mian'] ===
INFO|2026-09-07 14:51:36|=== ptoe start: ['python.exe -m unittest', 'test_mian'] ===
INFO|2026-09-07 14:51:36|=== ptoe start: ['python.exe -m unittest', 'test_mian'] ===
INFO|2026-09-07 14:51:36|pdf_to_epub start: pdf=C:\Users\ADMINI~1\AppData\Local\Temp\test_mian_6w8u8l3w\sample.pdf, dpi=100, model=HY, workers=None
INFO|2026-09-07 14:51:36|split done: pages=3, dir=D:\code-project\python\PToEA\data\sample, elapsed=0.0s
INFO|2026-09-07 14:51:36|starting server: model=HY, workers=4
INFO|2026-09-07 14:51:36|server ready: model=HY, elapsed=0.0s
INFO|2026-09-07 14:51:36|ocr done: total_pages=3, todo=3, excluded=0, errors=0, elapsed=0.0s
INFO|2026-09-07 14:51:36|structure done: elapsed=0.0s
INFO|2026-09-07 14:51:36|history done: elapsed=0.0s
INFO|2026-09-07 14:51:36|render done: elapsed=0.0s
INFO|2026-09-07 14:51:36|pdf_to_epub success: epub=C:\Users\Administrator\AppData\Local\Temp\test_mian_6w8u8l3w\out.epub, total_elapsed=0.0s
INFO|2026-09-07 14:51:36|=== ptoe start: ['python.exe -m unittest', 'test_mian'] ===
INFO|2026-09-07 14:51:36|=== ptoe start: ['python.exe -m unittest', 'test_mian'] ===
INFO|2026-09-07 14:58:22|=== ptoe start: ['mian.py', 'gui'] ===
INFO|2026-09-07 14:58:36|=== ptoe start: ['D:\\code-project\\python\\PToEA\\mian.py', 'epub', 'E:/MYBooks/books/毛泽东思想/《毛泽东思想万岁》武汉钢二司编 第一卷.pdf', '--dpi', '2', '--model', 'DOTS8', '--workers', '4', '--timeout', '600', '--lang', 'zh-CN', '--exclude', '1-9'] ===
INFO|2026-09-07 14:58:36|pdf_to_epub start: pdf=E:\MYBooks\books\毛泽东思想\《毛泽东思想万岁》武汉钢二司编 第一卷.pdf, dpi=200, model=DOTS8, workers=4
INFO|2026-09-07 14:58:37|split done: pages=317, dir=D:\code-project\python\PToEA\data\《毛泽东思想万岁》武汉钢二司编 第一卷, elapsed=0.0s
INFO|2026-09-07 14:58:37|exclude pages: [1, 2, 3, 4, 5, 6, 7, 8, 9] (count=9)
INFO|2026-09-07 14:58:38|starting server: model=DOTS8, workers=4
INFO|2026-09-07 14:58:58|server ready: model=DOTS8, elapsed=19.6s
ERROR|2026-09-07 15:17:49|page 188 OCR failed: HTTP 500 Internal Server Error: The model produced output that does not match the expected peg-native format
INFO|2026-09-07 15:30:33|ocr done: total_pages=317, todo=308, excluded=9, errors=1, elapsed=1895.2s
INFO|2026-09-07 15:30:33|structure done: elapsed=0.1s
INFO|2026-09-07 15:30:33|history done: elapsed=0.1s
INFO|2026-09-07 15:30:36|render done: elapsed=2.9s
INFO|2026-09-07 15:30:36|pdf_to_epub success: epub=D:\code-project\python\PToEA\data\《毛泽东思想万岁》武汉钢二司编 第一卷\毛泽东思想万岁（1913—1943）.epub, total_elapsed=1919.3s
INFO|2026-09-07 15:30:44|=== ptoe start: ['D:\\code-project\\python\\PToEA\\mian.py', 'correct', 'E:/MYBooks/books/毛泽东思想/《毛泽东思想万岁》武汉钢二司编 第一卷.pdf', '--lang', 'zh-CN'] ===
INFO|2026-09-07 15:57:30|=== ptoe start: ['python.exe -m unittest', 'discover', '-v'] ===
INFO|2026-09-07 15:57:30|=== ptoe start: ['python.exe -m unittest', 'discover', '-v'] ===
INFO|2026-09-07 15:57:43|pdf_to_epub start: pdf=C:\Users\ADMINI~1\AppData\Local\Temp\test_mian_hist_prlo37ma\sample.pdf, dpi=100, model=HY, workers=None
INFO|2026-09-07 15:57:43|split done: pages=3, dir=D:\code-project\python\PToEA\data\sample, elapsed=0.0s
INFO|2026-09-07 15:57:43|starting server: model=HY, workers=4
INFO|2026-09-07 15:57:43|server ready: model=HY, elapsed=0.0s
INFO|2026-09-07 15:57:43|ocr done: total_pages=3, todo=3, excluded=0, errors=0, elapsed=0.0s
INFO|2026-09-07 15:57:43|structure done: elapsed=0.0s
INFO|2026-09-07 15:57:43|history done: elapsed=0.0s
INFO|2026-09-07 15:57:43|render done: elapsed=0.0s
INFO|2026-09-07 15:57:43|pdf_to_epub success: epub=C:\Users\Administrator\AppData\Local\Temp\test_mian_hist_prlo37ma\out.epub, total_elapsed=0.0s
INFO|2026-09-07 15:57:43|pdf_to_epub start: pdf=C:\Users\ADMINI~1\AppData\Local\Temp\test_mian_resume_xvitryiz\sample.pdf, dpi=100, model=HY, workers=None
INFO|2026-09-07 15:57:43|split done: pages=3, dir=D:\code-project\python\PToEA\data\sample, elapsed=0.0s
INFO|2026-09-07 15:57:43|starting server: model=HY, workers=4
INFO|2026-09-07 15:57:43|server ready: model=HY, elapsed=0.0s
INFO|2026-09-07 15:57:43|ocr done: total_pages=3, todo=3, excluded=0, errors=0, elapsed=0.0s
INFO|2026-09-07 15:57:43|structure done: elapsed=0.0s
INFO|2026-09-07 15:57:43|history done: elapsed=0.0s
INFO|2026-09-07 15:57:43|render done: elapsed=0.0s
INFO|2026-09-07 15:57:43|pdf_to_epub success: epub=C:\Users\Administrator\AppData\Local\Temp\test_mian_resume_xvitryiz\out.epub, total_elapsed=0.0s
INFO|2026-09-07 15:57:43|pdf_to_epub start: pdf=C:\Users\ADMINI~1\AppData\Local\Temp\test_mian_resume_4bt070ma\sample.pdf, dpi=100, model=HY, workers=None
INFO|2026-09-07 15:57:43|split done: pages=3, dir=D:\code-project\python\PToEA\data\sample, elapsed=0.0s
INFO|2026-09-07 15:57:43|starting server: model=HY, workers=4
INFO|2026-09-07 15:57:43|server ready: model=HY, elapsed=0.0s
INFO|2026-09-07 15:57:43|ocr done: total_pages=3, todo=3, excluded=0, errors=0, elapsed=0.0s
INFO|2026-09-07 15:57:43|structure done: elapsed=0.0s
INFO|2026-09-07 15:57:43|history done: elapsed=0.0s
INFO|2026-09-07 15:57:43|render done: elapsed=0.0s
INFO|2026-09-07 15:57:43|pdf_to_epub success: epub=C:\Users\Administrator\AppData\Local\Temp\test_mian_resume_4bt070ma\out.epub, total_elapsed=0.0s
INFO|2026-09-07 15:57:43|pdf_to_epub start: pdf=C:\Users\ADMINI~1\AppData\Local\Temp\test_mian_resume_i__5_abh\sample.pdf, dpi=100, model=HY, workers=None
INFO|2026-09-07 15:57:43|split done: pages=3, dir=D:\code-project\python\PToEA\data\sample, elapsed=0.0s
INFO|2026-09-07 15:57:43|pdf_to_epub start: pdf=C:\Users\ADMINI~1\AppData\Local\Temp\test_mian_resume_zr0c1vze\sample.pdf, dpi=100, model=HY, workers=None
INFO|2026-09-07 15:57:43|split done: pages=3, dir=D:\code-project\python\PToEA\data\sample, elapsed=0.0s
INFO|2026-09-07 15:57:43|starting server: model=HY, workers=4
INFO|2026-09-07 15:57:43|server ready: model=HY, elapsed=0.0s
INFO|2026-09-07 15:57:43|ocr done: total_pages=3, todo=1, excluded=0, errors=0, elapsed=0.0s
INFO|2026-09-07 15:57:43|structure done: elapsed=0.0s
INFO|2026-09-07 15:57:43|history done: elapsed=0.0s
INFO|2026-09-07 15:57:43|render done: elapsed=0.0s
INFO|2026-09-07 15:57:43|pdf_to_epub success: epub=C:\Users\Administrator\AppData\Local\Temp\test_mian_resume_zr0c1vze\out.epub, total_elapsed=0.0s
INFO|2026-09-07 15:57:43|=== ptoe start: ['python.exe -m unittest', 'discover', '-v'] ===
INFO|2026-09-07 15:57:43|=== ptoe start: ['python.exe -m unittest', 'discover', '-v'] ===
INFO|2026-09-07 15:57:43|=== ptoe start: ['python.exe -m unittest', 'discover', '-v'] ===
INFO|2026-09-07 15:57:43|pdf_to_epub start: pdf=C:\Users\ADMINI~1\AppData\Local\Temp\test_mian_n213b6lj\sample.pdf, dpi=100, model=HY, workers=None
INFO|2026-09-07 15:57:43|split done: pages=3, dir=D:\code-project\python\PToEA\data\sample, elapsed=0.0s
INFO|2026-09-07 15:57:43|starting server: model=HY, workers=4
INFO|2026-09-07 15:57:43|server ready: model=HY, elapsed=0.0s
INFO|2026-09-07 15:57:43|ocr done: total_pages=3, todo=3, excluded=0, errors=0, elapsed=0.0s
INFO|2026-09-07 15:57:43|structure done: elapsed=0.0s
INFO|2026-09-07 15:57:43|history done: elapsed=0.0s
INFO|2026-09-07 15:57:43|render done: elapsed=0.0s
INFO|2026-09-07 15:57:43|pdf_to_epub success: epub=C:\Users\Administrator\AppData\Local\Temp\test_mian_n213b6lj\out.epub, total_elapsed=0.0s
INFO|2026-09-07 15:57:43|=== ptoe start: ['python.exe -m unittest', 'discover', '-v'] ===
INFO|2026-09-07 15:57:43|=== ptoe start: ['python.exe -m unittest', 'discover', '-v'] ===
INFO|2026-09-07 16:03:38|=== ptoe start: ['python.exe -m unittest', 'discover'] ===
INFO|2026-09-07 16:03:38|=== ptoe start: ['python.exe -m unittest', 'discover'] ===
INFO|2026-09-07 16:03:51|pdf_to_epub start: pdf=C:\Users\ADMINI~1\AppData\Local\Temp\test_mian_hist_92yxhvpb\sample.pdf, dpi=100, model=HY, workers=None
INFO|2026-09-07 16:03:51|split done: pages=3, dir=D:\code-project\python\PToEA\data\sample, elapsed=0.0s
INFO|2026-09-07 16:03:51|starting server: model=HY, workers=4
INFO|2026-09-07 16:03:51|server ready: model=HY, elapsed=0.0s
INFO|2026-09-07 16:03:51|ocr done: total_pages=3, todo=3, excluded=0, errors=0, elapsed=0.0s
INFO|2026-09-07 16:03:51|structure done: elapsed=0.0s
INFO|2026-09-07 16:03:51|history done: elapsed=0.0s
INFO|2026-09-07 16:03:51|render done: elapsed=0.0s
INFO|2026-09-07 16:03:51|pdf_to_epub success: epub=C:\Users\Administrator\AppData\Local\Temp\test_mian_hist_92yxhvpb\out.epub, total_elapsed=0.0s
INFO|2026-09-07 16:03:51|pdf_to_epub start: pdf=C:\Users\ADMINI~1\AppData\Local\Temp\test_mian_resume_998ilyfi\sample.pdf, dpi=100, model=HY, workers=None
INFO|2026-09-07 16:03:51|split done: pages=3, dir=D:\code-project\python\PToEA\data\sample, elapsed=0.0s
INFO|2026-09-07 16:03:51|starting server: model=HY, workers=4
INFO|2026-09-07 16:03:51|server ready: model=HY, elapsed=0.0s
INFO|2026-09-07 16:03:51|ocr done: total_pages=3, todo=3, excluded=0, errors=0, elapsed=0.0s
INFO|2026-09-07 16:03:51|structure done: elapsed=0.0s
INFO|2026-09-07 16:03:51|history done: elapsed=0.0s
INFO|2026-09-07 16:03:51|render done: elapsed=0.0s
INFO|2026-09-07 16:03:51|pdf_to_epub success: epub=C:\Users\Administrator\AppData\Local\Temp\test_mian_resume_998ilyfi\out.epub, total_elapsed=0.0s
INFO|2026-09-07 16:03:51|pdf_to_epub start: pdf=C:\Users\ADMINI~1\AppData\Local\Temp\test_mian_resume_irqv1xjm\sample.pdf, dpi=100, model=HY, workers=None
INFO|2026-09-07 16:03:51|split done: pages=3, dir=D:\code-project\python\PToEA\data\sample, elapsed=0.0s
INFO|2026-09-07 16:03:51|starting server: model=HY, workers=4
INFO|2026-09-07 16:03:51|server ready: model=HY, elapsed=0.0s
INFO|2026-09-07 16:03:51|ocr done: total_pages=3, todo=3, excluded=0, errors=0, elapsed=0.0s
INFO|2026-09-07 16:03:51|structure done: elapsed=0.0s
INFO|2026-09-07 16:03:51|history done: elapsed=0.0s
INFO|2026-09-07 16:03:51|render done: elapsed=0.0s
INFO|2026-09-07 16:03:51|pdf_to_epub success: epub=C:\Users\Administrator\AppData\Local\Temp\test_mian_resume_irqv1xjm\out.epub, total_elapsed=0.0s
INFO|2026-09-07 16:03:51|pdf_to_epub start: pdf=C:\Users\ADMINI~1\AppData\Local\Temp\test_mian_resume_3_tz8t4m\sample.pdf, dpi=100, model=HY, workers=None
INFO|2026-09-07 16:03:51|split done: pages=3, dir=D:\code-project\python\PToEA\data\sample, elapsed=0.0s
INFO|2026-09-07 16:03:51|pdf_to_epub start: pdf=C:\Users\ADMINI~1\AppData\Local\Temp\test_mian_resume_wc06n177\sample.pdf, dpi=100, model=HY, workers=None
INFO|2026-09-07 16:03:51|split done: pages=3, dir=D:\code-project\python\PToEA\data\sample, elapsed=0.0s
INFO|2026-09-07 16:03:51|starting server: model=HY, workers=4
INFO|2026-09-07 16:03:51|server ready: model=HY, elapsed=0.0s
INFO|2026-09-07 16:03:51|ocr done: total_pages=3, todo=1, excluded=0, errors=0, elapsed=0.0s
INFO|2026-09-07 16:03:51|structure done: elapsed=0.0s
INFO|2026-09-07 16:03:51|history done: elapsed=0.0s
INFO|2026-09-07 16:03:51|render done: elapsed=0.0s
INFO|2026-09-07 16:03:51|pdf_to_epub success: epub=C:\Users\Administrator\AppData\Local\Temp\test_mian_resume_wc06n177\out.epub, total_elapsed=0.0s
INFO|2026-09-07 16:03:51|=== ptoe start: ['python.exe -m unittest', 'discover'] ===
INFO|2026-09-07 16:03:51|=== ptoe start: ['python.exe -m unittest', 'discover'] ===
INFO|2026-09-07 16:03:51|=== ptoe start: ['python.exe -m unittest', 'discover'] ===
INFO|2026-09-07 16:03:51|pdf_to_epub start: pdf=C:\Users\ADMINI~1\AppData\Local\Temp\test_mian_n3z5m5xz\sample.pdf, dpi=100, model=HY, workers=None
INFO|2026-09-07 16:03:51|split done: pages=3, dir=D:\code-project\python\PToEA\data\sample, elapsed=0.0s
INFO|2026-09-07 16:03:51|starting server: model=HY, workers=4
INFO|2026-09-07 16:03:51|server ready: model=HY, elapsed=0.0s
INFO|2026-09-07 16:03:51|ocr done: total_pages=3, todo=3, excluded=0, errors=0, elapsed=0.0s
INFO|2026-09-07 16:03:51|structure done: elapsed=0.0s
INFO|2026-09-07 16:03:51|history done: elapsed=0.0s
INFO|2026-09-07 16:03:51|render done: elapsed=0.0s
INFO|2026-09-07 16:03:51|pdf_to_epub success: epub=C:\Users\Administrator\AppData\Local\Temp\test_mian_n3z5m5xz\out.epub, total_elapsed=0.0s
INFO|2026-09-07 16:03:51|=== ptoe start: ['python.exe -m unittest', 'discover'] ===
INFO|2026-09-07 16:03:51|=== ptoe start: ['python.exe -m unittest', 'discover'] ===
INFO|2026-09-07 16:22:18|=== ptoe start: ['mian.py', 'gui'] ===
INFO|2026-09-07 16:22:30|=== ptoe start: ['D:\\code-project\\python\\PToEA\\mian.py', 'correct', '--lang', 'zh-CN'] ===
INFO|2026-09-09 21:11:50|=== ptoe start: ['python.exe -m unittest', 'test_guimanage', '-v'] ===
INFO|2026-09-09 21:11:50|=== ptoe start: ['python.exe -m unittest', 'test_guimanage', '-v'] ===
INFO|2026-09-09 21:18:32|=== ptoe start: ['python.exe -m unittest', 'test_guimanage', '-v'] ===
INFO|2026-09-09 21:18:32|=== ptoe start: ['python.exe -m unittest', 'test_guimanage', '-v'] ===
INFO|2026-09-09 21:19:27|=== ptoe start: ['python.exe -m unittest', 'test_guimanage', '-v'] ===
INFO|2026-09-09 21:19:27|=== ptoe start: ['python.exe -m unittest', 'test_guimanage', '-v'] ===
INFO|2026-09-09 21:20:42|=== ptoe start: ['python.exe -m unittest', 'test_guimanage', 'test_config'] ===
INFO|2026-09-09 21:20:42|=== ptoe start: ['python.exe -m unittest', 'test_guimanage', 'test_config'] ===
INFO|2026-09-09 21:23:25|=== ptoe start: ['python.exe -m unittest', 'test_guimanage', '-v'] ===
INFO|2026-09-09 21:23:25|=== ptoe start: ['python.exe -m unittest', 'test_guimanage', '-v'] ===
INFO|2026-09-09 21:24:30|=== ptoe start: ['python.exe -m unittest', 'test_guimanage', 'test_config'] ===
INFO|2026-09-09 21:24:30|=== ptoe start: ['python.exe -m unittest', 'test_guimanage', 'test_config'] ===
INFO|2026-09-09 21:25:27|=== ptoe start: ['python.exe -m unittest', 'test_guimanage', 'test_paddleocrmanage', 'test_mian', 'test_llamamanage'] ===
INFO|2026-09-09 21:25:27|=== ptoe start: ['python.exe -m unittest', 'test_guimanage', 'test_paddleocrmanage', 'test_mian', 'test_llamamanage'] ===
INFO|2026-09-09 21:25:41|pdf_to_epub start: pdf=C:\Users\ADMINI~1\AppData\Local\Temp\test_mian_hist_s6304h05\sample.pdf, dpi=100, model=HY, workers=None
INFO|2026-09-09 21:25:41|split done: pages=3, dir=D:\code-project\python\PToEA\data\sample, elapsed=0.0s
INFO|2026-09-09 21:25:41|starting server: model=HY, workers=4
INFO|2026-09-09 21:25:41|server ready: model=HY, elapsed=0.0s
INFO|2026-09-09 21:25:41|ocr done: total_pages=3, todo=3, excluded=0, errors=0, elapsed=0.0s
INFO|2026-09-09 21:25:41|structure done: elapsed=0.0s
INFO|2026-09-09 21:25:41|history done: elapsed=0.0s
INFO|2026-09-09 21:25:41|render done: elapsed=0.0s
INFO|2026-09-09 21:25:41|pdf_to_epub success: epub=C:\Users\Administrator\AppData\Local\Temp\test_mian_hist_s6304h05\out.epub, total_elapsed=0.0s
INFO|2026-09-09 21:25:41|pdf_to_epub start: pdf=C:\Users\ADMINI~1\AppData\Local\Temp\test_mian_resume_1rql2lf0\sample.pdf, dpi=100, model=HY, workers=None
INFO|2026-09-09 21:25:41|split done: pages=3, dir=D:\code-project\python\PToEA\data\sample, elapsed=0.0s
INFO|2026-09-09 21:25:41|starting server: model=HY, workers=4
INFO|2026-09-09 21:25:41|server ready: model=HY, elapsed=0.0s
INFO|2026-09-09 21:25:41|ocr done: total_pages=3, todo=3, excluded=0, errors=0, elapsed=0.0s
INFO|2026-09-09 21:25:41|structure done: elapsed=0.0s
INFO|2026-09-09 21:25:41|history done: elapsed=0.0s
INFO|2026-09-09 21:25:41|render done: elapsed=0.0s
INFO|2026-09-09 21:25:41|pdf_to_epub success: epub=C:\Users\Administrator\AppData\Local\Temp\test_mian_resume_1rql2lf0\out.epub, total_elapsed=0.0s
INFO|2026-09-09 21:25:41|pdf_to_epub start: pdf=C:\Users\ADMINI~1\AppData\Local\Temp\test_mian_resume_00e7g_2l\sample.pdf, dpi=100, model=HY, workers=None
INFO|2026-09-09 21:25:41|split done: pages=3, dir=D:\code-project\python\PToEA\data\sample, elapsed=0.0s
INFO|2026-09-09 21:25:41|starting server: model=HY, workers=4
INFO|2026-09-09 21:25:41|server ready: model=HY, elapsed=0.0s
INFO|2026-09-09 21:25:41|ocr done: total_pages=3, todo=3, excluded=0, errors=0, elapsed=0.0s
INFO|2026-09-09 21:25:41|structure done: elapsed=0.0s
INFO|2026-09-09 21:25:41|history done: elapsed=0.0s
INFO|2026-09-09 21:25:41|render done: elapsed=0.0s
INFO|2026-09-09 21:25:41|pdf_to_epub success: epub=C:\Users\Administrator\AppData\Local\Temp\test_mian_resume_00e7g_2l\out.epub, total_elapsed=0.0s
INFO|2026-09-09 21:25:41|pdf_to_epub start: pdf=C:\Users\ADMINI~1\AppData\Local\Temp\test_mian_resume_g_icqbo5\sample.pdf, dpi=100, model=HY, workers=None
INFO|2026-09-09 21:25:41|split done: pages=3, dir=D:\code-project\python\PToEA\data\sample, elapsed=0.0s
INFO|2026-09-09 21:25:41|pdf_to_epub start: pdf=C:\Users\ADMINI~1\AppData\Local\Temp\test_mian_resume_9xttlyli\sample.pdf, dpi=100, model=HY, workers=None
INFO|2026-09-09 21:25:41|split done: pages=3, dir=D:\code-project\python\PToEA\data\sample, elapsed=0.0s
INFO|2026-09-09 21:25:41|starting server: model=HY, workers=4
INFO|2026-09-09 21:25:41|server ready: model=HY, elapsed=0.0s
INFO|2026-09-09 21:25:41|ocr done: total_pages=3, todo=1, excluded=0, errors=0, elapsed=0.0s
INFO|2026-09-09 21:25:41|structure done: elapsed=0.0s
INFO|2026-09-09 21:25:41|history done: elapsed=0.0s
INFO|2026-09-09 21:25:41|render done: elapsed=0.0s
INFO|2026-09-09 21:25:41|pdf_to_epub success: epub=C:\Users\Administrator\AppData\Local\Temp\test_mian_resume_9xttlyli\out.epub, total_elapsed=0.0s
INFO|2026-09-09 21:25:41|=== ptoe start: ['python.exe -m unittest', 'test_guimanage', 'test_paddleocrmanage', 'test_mian', 'test_llamamanage'] ===
INFO|2026-09-09 21:25:41|=== ptoe start: ['python.exe -m unittest', 'test_guimanage', 'test_paddleocrmanage', 'test_mian', 'test_llamamanage'] ===
INFO|2026-09-09 21:25:41|=== ptoe start: ['python.exe -m unittest', 'test_guimanage', 'test_paddleocrmanage', 'test_mian', 'test_llamamanage'] ===
INFO|2026-09-09 21:25:41|pdf_to_epub start: pdf=C:\Users\ADMINI~1\AppData\Local\Temp\test_mian_fdely7fc\sample.pdf, dpi=100, model=HY, workers=None
INFO|2026-09-09 21:25:41|split done: pages=3, dir=D:\code-project\python\PToEA\data\sample, elapsed=0.0s
INFO|2026-09-09 21:25:41|starting server: model=HY, workers=4
INFO|2026-09-09 21:25:41|server ready: model=HY, elapsed=0.0s
INFO|2026-09-09 21:25:41|ocr done: total_pages=3, todo=3, excluded=0, errors=0, elapsed=0.0s
INFO|2026-09-09 21:25:41|structure done: elapsed=0.0s
INFO|2026-09-09 21:25:41|history done: elapsed=0.0s
INFO|2026-09-09 21:25:41|render done: elapsed=0.0s
INFO|2026-09-09 21:25:41|pdf_to_epub success: epub=C:\Users\Administrator\AppData\Local\Temp\test_mian_fdely7fc\out.epub, total_elapsed=0.0s
INFO|2026-09-09 21:25:41|=== ptoe start: ['python.exe -m unittest', 'test_guimanage', 'test_paddleocrmanage', 'test_mian', 'test_llamamanage'] ===
INFO|2026-09-09 21:25:41|=== ptoe start: ['python.exe -m unittest', 'test_guimanage', 'test_paddleocrmanage', 'test_mian', 'test_llamamanage'] ===
INFO|2026-09-09 21:25:56|=== ptoe start: ['python.exe -m unittest', 'test_mian'] ===
INFO|2026-09-09 21:25:56|=== ptoe start: ['python.exe -m unittest', 'test_mian'] ===
INFO|2026-09-09 21:25:56|=== ptoe start: ['python.exe -m unittest', 'test_mian'] ===
INFO|2026-09-09 21:25:56|pdf_to_epub start: pdf=C:\Users\ADMINI~1\AppData\Local\Temp\test_mian_sbio03cw\sample.pdf, dpi=100, model=HY, workers=None
INFO|2026-09-09 21:25:56|split done: pages=3, dir=D:\code-project\python\PToEA\data\sample, elapsed=0.0s
INFO|2026-09-09 21:25:56|starting server: model=HY, workers=4
INFO|2026-09-09 21:25:56|server ready: model=HY, elapsed=0.0s
INFO|2026-09-09 21:25:56|ocr done: total_pages=3, todo=3, excluded=0, errors=0, elapsed=0.0s
INFO|2026-09-09 21:25:56|structure done: elapsed=0.0s
INFO|2026-09-09 21:25:56|history done: elapsed=0.0s
INFO|2026-09-09 21:25:56|render done: elapsed=0.0s
INFO|2026-09-09 21:25:56|pdf_to_epub success: epub=C:\Users\Administrator\AppData\Local\Temp\test_mian_sbio03cw\out.epub, total_elapsed=0.1s
INFO|2026-09-09 21:25:56|=== ptoe start: ['python.exe -m unittest', 'test_mian'] ===
INFO|2026-09-09 21:25:56|=== ptoe start: ['python.exe -m unittest', 'test_mian'] ===
INFO|2026-09-09 21:27:09|=== ptoe start: ['mian.py', 'gui'] ===
INFO|2026-09-09 21:28:07|=== ptoe start: ['D:\\code-project\\python\\PToEA\\mian.py', 'epub', 'E:/MYBooks/books/毛泽东思想/主席与毛远新同志谈话纪要.pdf', '--dpi', '2', '--model', 'DOTS8', '--engine', 'paddle', '--workers', '4', '--timeout', '600', '--lang', 'zh-CN'] ===
INFO|2026-09-09 21:28:07|pdf_to_epub start: pdf=E:\MYBooks\books\毛泽东思想\主席与毛远新同志谈话纪要.pdf, dpi=200, model=DOTS8, workers=4
INFO|2026-09-09 21:28:07|split done: pages=12, dir=D:\code-project\python\PToEA\data\主席与毛远新同志谈话纪要_1, elapsed=0.7s
INFO|2026-09-09 21:36:19|=== ptoe start: ['python.exe -m unittest', 'test_paddleocrmanage', 'test_guimanage'] ===
INFO|2026-09-09 21:36:19|=== ptoe start: ['python.exe -m unittest', 'test_paddleocrmanage', 'test_guimanage'] ===
INFO|2026-09-09 21:44:00|=== ptoe start: ['mian.py', 'gui'] ===
INFO|2026-09-09 21:44:27|=== ptoe start: ['D:\\code-project\\python\\PToEA\\mian.py', 'epub', 'E:/MYBooks/books/毛泽东思想/主席与毛远新同志谈话纪要.pdf', '--dpi', '2', '--model', 'DOTS8', '--engine', 'paddle', '--workers', '4', '--timeout', '600', '--lang', 'zh-CN'] ===
INFO|2026-09-09 21:44:27|pdf_to_epub start: pdf=E:\MYBooks\books\毛泽东思想\主席与毛远新同志谈话纪要.pdf, dpi=200, model=DOTS8, workers=4
INFO|2026-09-09 21:44:27|split done: pages=12, dir=D:\code-project\python\PToEA\data\主席与毛远新同志谈话纪要_1, elapsed=0.0s
INFO|2026-09-09 21:45:31|=== ptoe start: ['D:\\code-project\\python\\PToEA\\mian.py', 'epub', 'E:/MYBooks/books/毛泽东思想/主席与毛远新同志谈话纪要.pdf', '--dpi', '2', '--model', 'DOTS8', '--engine', 'paddle', '--workers', '4', '--timeout', '600', '--lang', 'zh-CN'] ===
INFO|2026-09-09 21:45:31|pdf_to_epub start: pdf=E:\MYBooks\books\毛泽东思想\主席与毛远新同志谈话纪要.pdf, dpi=200, model=DOTS8, workers=4
INFO|2026-09-09 21:45:31|split done: pages=12, dir=D:\code-project\python\PToEA\data\主席与毛远新同志谈话纪要_1, elapsed=0.0s
INFO|2026-09-09 22:20:22|=== ptoe start: ['mian.py', 'epub', 'C:\\Users\\ADMINI~1\\AppData\\Local\\Temp\\opencode\\paddle_smoke.pdf', '--engine', 'paddle', '--workers', '1', '--title', 'Paddle冒烟测试'] ===
INFO|2026-09-09 22:20:23|pdf_to_epub start: pdf=C:\Users\ADMINI~1\AppData\Local\Temp\opencode\paddle_smoke.pdf, dpi=100, model=DOTS8, workers=1
INFO|2026-09-09 22:20:23|split done: pages=3, dir=D:\code-project\python\PToEA\data\paddle_smoke, elapsed=0.2s
INFO|2026-09-09 22:21:26|ocr done: total_pages=3, todo=3, excluded=0, errors=0, elapsed=63.7s
INFO|2026-09-09 22:21:26|structure done: elapsed=0.0s
INFO|2026-09-09 22:21:26|history done: elapsed=0.0s
INFO|2026-09-09 22:21:26|render done: elapsed=0.0s
INFO|2026-09-09 22:21:26|pdf_to_epub success: epub=D:\code-project\python\PToEA\data\paddle_smoke\Paddle冒烟测试.epub, total_elapsed=64.0s
INFO|2026-09-09 22:26:04|=== ptoe start: ['mian.py', 'epub', 'C:\\Users\\ADMINI~1\\AppData\\Local\\Temp\\opencode\\paddle_smoke.pdf', '--engine', 'paddle', '--workers', '1', '--title', 'Paddle冒烟测试'] ===
INFO|2026-09-09 22:26:04|pdf_to_epub start: pdf=C:\Users\ADMINI~1\AppData\Local\Temp\opencode\paddle_smoke.pdf, dpi=100, model=DOTS8, workers=1
INFO|2026-09-09 22:26:04|split done: pages=3, dir=D:\code-project\python\PToEA\data\paddle_smoke, elapsed=0.0s
INFO|2026-09-09 22:26:10|ocr done: total_pages=3, todo=3, excluded=0, errors=0, elapsed=6.4s
INFO|2026-09-09 22:26:10|structure done: elapsed=0.0s
INFO|2026-09-09 22:26:10|history done: elapsed=0.0s
INFO|2026-09-09 22:26:11|render done: elapsed=0.0s
INFO|2026-09-09 22:26:11|pdf_to_epub success: epub=D:\code-project\python\PToEA\data\paddle_smoke\Paddle冒烟测试.epub, total_elapsed=6.6s
INFO|2026-09-09 22:28:41|=== ptoe start: ['python.exe -m unittest', 'test_guimanage'] ===
INFO|2026-09-09 22:28:41|=== ptoe start: ['python.exe -m unittest', 'test_guimanage'] ===
INFO|2026-09-10 06:51:30|=== ptoe start: ['mian.py', 'gui'] ===
INFO|2026-09-10 06:51:57|=== ptoe start: ['D:\\code-project\\python\\PToEA\\mian.py', 'epub', 'E:/MYBooks/books/毛泽东思想/主席与毛远新同志谈话纪要.pdf', '--dpi', '2', '--model', 'DOTS8', '--engine', 'paddle', '--workers', '4', '--timeout', '600', '--lang', 'zh-CN'] ===
INFO|2026-09-10 06:51:57|pdf_to_epub start: pdf=E:\MYBooks\books\毛泽东思想\主席与毛远新同志谈话纪要.pdf, dpi=200, model=DOTS8, workers=4
INFO|2026-09-10 06:51:57|split done: pages=12, dir=D:\code-project\python\PToEA\data\主席与毛远新同志谈话纪要_1, elapsed=0.0s
INFO|2026-09-10 06:52:29|ocr done: total_pages=12, todo=12, excluded=0, errors=0, elapsed=29.8s
INFO|2026-09-10 06:52:29|structure done: elapsed=0.0s
INFO|2026-09-10 06:52:29|history done: elapsed=0.1s
INFO|2026-09-10 06:52:29|render done: elapsed=0.1s
INFO|2026-09-10 06:52:29|pdf_to_epub success: epub=D:\code-project\python\PToEA\data\主席与毛远新同志谈话纪要_1\主席与毛远新同志谈话纪要.epub, total_elapsed=32.0s
INFO|2026-09-10 06:52:41|=== ptoe start: ['D:\\code-project\\python\\PToEA\\mian.py', 'correct', 'E:/MYBooks/books/毛泽东思想/主席与毛远新同志谈话纪要.pdf', '--engine', 'llama', '--lang', 'zh-CN'] ===
INFO|2026-09-10 07:48:26|=== ptoe start: ['mian.py', '--version'] ===
INFO|2026-09-10 07:49:32|=== ptoe start: ['mian.py', '--version'] ===
INFO|2026-09-10 08:07:48|=== ptoe start: ['mian.py', 'epub', 'C:\\Users\\ADMINI~1\\AppData\\Local\\Temp\\opencode\\ptoe_paddle_smoke.pdf', '--engine', 'paddle', '--dpi', '2', '--workers', '1', '--model', 'DOTS8', '--out-dir', 'C:\\Users\\ADMINI~1\\AppData\\Local\\Temp\\opencode\\ptoe_dev_paddle_out', '--title', 'Smoke'] ===
INFO|2026-09-10 08:07:48|pdf_to_epub start: pdf=C:\Users\ADMINI~1\AppData\Local\Temp\opencode\ptoe_paddle_smoke.pdf, dpi=200, model=DOTS8, workers=1
INFO|2026-09-10 08:07:48|split done: pages=2, dir=D:\code-project\python\PToEA\data\ptoe_paddle_smoke, elapsed=0.2s
INFO|2026-09-10 08:07:55|ocr done: total_pages=2, todo=2, excluded=0, errors=0, elapsed=7.0s
INFO|2026-09-10 08:07:55|structure done: elapsed=0.0s
INFO|2026-09-10 08:07:55|history done: elapsed=0.0s
INFO|2026-09-10 08:07:55|render done: elapsed=0.0s
INFO|2026-09-10 08:07:55|pdf_to_epub success: epub=C:\Users\ADMINI~1\AppData\Local\Temp\opencode\ptoe_dev_paddle_out\Smoke.epub, total_elapsed=7.4s
INFO|2026-09-10 08:09:40|=== ptoe start: ['mian.py', 'epub', 'C:\\Users\\ADMINI~1\\AppData\\Local\\Temp\\opencode\\ptoe_smoke_v3.pdf', '--engine', 'paddle', '--dpi', '2', '--workers', '1', '--model', 'DOTS8', '--out-dir', 'C:\\Users\\ADMINI~1\\AppData\\Local\\Temp\\opencode\\ptoe_dev_paddle_out3', '--title', 'Smoke'] ===
INFO|2026-09-10 08:09:40|pdf_to_epub start: pdf=C:\Users\ADMINI~1\AppData\Local\Temp\opencode\ptoe_smoke_v3.pdf, dpi=200, model=DOTS8, workers=1
INFO|2026-09-10 08:09:40|split done: pages=2, dir=D:\code-project\python\PToEA\data\ptoe_smoke_v3, elapsed=0.2s
INFO|2026-09-10 08:09:46|ocr done: total_pages=2, todo=2, excluded=0, errors=0, elapsed=6.3s
INFO|2026-09-10 08:09:46|structure done: elapsed=0.0s
INFO|2026-09-10 08:09:46|history done: elapsed=0.0s
INFO|2026-09-10 08:09:46|render done: elapsed=0.0s
INFO|2026-09-10 08:09:46|pdf_to_epub success: epub=C:\Users\ADMINI~1\AppData\Local\Temp\opencode\ptoe_dev_paddle_out3\Smoke.epub, total_elapsed=6.6s
INFO|2026-09-12 10:03:53|=== ptoe start: ['python.exe -m unittest', 'test_mian.TestCorrectSubcommand', '-v'] ===
INFO|2026-09-12 10:03:53|=== ptoe start: ['python.exe -m unittest', 'test_mian.TestCorrectSubcommand', '-v'] ===
INFO|2026-09-12 10:03:53|=== ptoe start: ['python.exe -m unittest', 'test_mian.TestCorrectSubcommand', '-v'] ===
INFO|2026-09-12 10:03:53|=== ptoe start: ['python.exe -m unittest', 'test_mian.TestCorrectSubcommand', '-v'] ===
INFO|2026-09-12 10:03:53|=== ptoe start: ['python.exe -m unittest', 'test_mian.TestCorrectSubcommand', '-v'] ===
INFO|2026-09-12 10:04:11|=== ptoe start: ['python.exe -m unittest', 'test_mian.TestCorrectSubcommand'] ===
INFO|2026-09-12 10:04:11|=== ptoe start: ['python.exe -m unittest', 'test_mian.TestCorrectSubcommand'] ===
INFO|2026-09-12 10:04:11|=== ptoe start: ['python.exe -m unittest', 'test_mian.TestCorrectSubcommand'] ===
INFO|2026-09-12 10:04:11|=== ptoe start: ['python.exe -m unittest', 'test_mian.TestCorrectSubcommand'] ===
INFO|2026-09-12 10:04:11|=== ptoe start: ['python.exe -m unittest', 'test_mian.TestCorrectSubcommand'] ===
INFO|2026-09-12 10:04:19|=== ptoe start: ['python.exe -m unittest', 'test_mian'] ===
INFO|2026-09-12 10:04:19|=== ptoe start: ['python.exe -m unittest', 'test_mian'] ===
INFO|2026-09-12 10:04:19|=== ptoe start: ['python.exe -m unittest', 'test_mian'] ===
INFO|2026-09-12 10:04:19|=== ptoe start: ['python.exe -m unittest', 'test_mian'] ===
INFO|2026-09-12 10:04:19|=== ptoe start: ['python.exe -m unittest', 'test_mian'] ===
INFO|2026-09-12 10:04:19|pdf_to_epub start: pdf=C:\Users\ADMINI~1\AppData\Local\Temp\test_mian_resume_a7sm4ldt\sample.pdf, dpi=100, model=HY, workers=None
INFO|2026-09-12 10:04:19|split done: pages=3, dir=D:\code-project\python\PToEA\data\sample, elapsed=0.0s
INFO|2026-09-12 10:04:19|starting server: model=HY, workers=4
INFO|2026-09-12 10:04:19|server ready: model=HY, elapsed=0.0s
INFO|2026-09-12 10:04:19|ocr done: total_pages=3, todo=3, excluded=0, errors=0, elapsed=0.0s
INFO|2026-09-12 10:04:19|structure done: elapsed=0.0s
INFO|2026-09-12 10:04:19|history done: elapsed=0.0s
INFO|2026-09-12 10:04:19|render done: elapsed=0.0s
INFO|2026-09-12 10:04:19|pdf_to_epub success: epub=C:\Users\Administrator\AppData\Local\Temp\test_mian_resume_a7sm4ldt\out.epub, total_elapsed=0.0s
INFO|2026-09-12 10:04:19|pdf_to_epub start: pdf=C:\Users\ADMINI~1\AppData\Local\Temp\test_mian_resume_zij8jzam\sample.pdf, dpi=100, model=HY, workers=None
INFO|2026-09-12 10:04:19|split done: pages=3, dir=D:\code-project\python\PToEA\data\sample, elapsed=0.0s
INFO|2026-09-12 10:04:19|starting server: model=HY, workers=4
INFO|2026-09-12 10:04:19|server ready: model=HY, elapsed=0.0s
INFO|2026-09-12 10:04:19|ocr done: total_pages=3, todo=3, excluded=0, errors=0, elapsed=0.0s
INFO|2026-09-12 10:04:19|structure done: elapsed=0.0s
INFO|2026-09-12 10:04:19|history done: elapsed=0.0s
INFO|2026-09-12 10:04:19|render done: elapsed=0.0s
INFO|2026-09-12 10:04:19|pdf_to_epub success: epub=C:\Users\Administrator\AppData\Local\Temp\test_mian_resume_zij8jzam\out.epub, total_elapsed=0.0s
INFO|2026-09-12 10:04:19|pdf_to_epub start: pdf=C:\Users\ADMINI~1\AppData\Local\Temp\test_mian_resume_59ffvsm7\sample.pdf, dpi=100, model=HY, workers=None
INFO|2026-09-12 10:04:19|split done: pages=3, dir=D:\code-project\python\PToEA\data\sample, elapsed=0.0s
INFO|2026-09-12 10:04:19|pdf_to_epub start: pdf=C:\Users\ADMINI~1\AppData\Local\Temp\test_mian_resume_j3igazw7\sample.pdf, dpi=100, model=HY, workers=None
INFO|2026-09-12 10:04:19|split done: pages=3, dir=D:\code-project\python\PToEA\data\sample, elapsed=0.0s
INFO|2026-09-12 10:04:19|starting server: model=HY, workers=4
INFO|2026-09-12 10:04:19|server ready: model=HY, elapsed=0.0s
INFO|2026-09-12 10:04:19|ocr done: total_pages=3, todo=1, excluded=0, errors=0, elapsed=0.0s
INFO|2026-09-12 10:04:19|structure done: elapsed=0.0s
INFO|2026-09-12 10:04:19|history done: elapsed=0.0s
INFO|2026-09-12 10:04:19|render done: elapsed=0.0s
INFO|2026-09-12 10:04:19|pdf_to_epub success: epub=C:\Users\Administrator\AppData\Local\Temp\test_mian_resume_j3igazw7\out.epub, total_elapsed=0.0s
INFO|2026-09-12 10:04:19|=== ptoe start: ['python.exe -m unittest', 'test_mian'] ===
INFO|2026-09-12 10:04:19|=== ptoe start: ['python.exe -m unittest', 'test_mian'] ===
INFO|2026-09-12 10:04:19|=== ptoe start: ['python.exe -m unittest', 'test_mian'] ===
INFO|2026-09-12 10:04:19|pdf_to_epub start: pdf=C:\Users\ADMINI~1\AppData\Local\Temp\test_mian_fhzdrhw5\sample.pdf, dpi=100, model=HY, workers=None
INFO|2026-09-12 10:04:19|split done: pages=3, dir=D:\code-project\python\PToEA\data\sample, elapsed=0.1s
INFO|2026-09-12 10:04:19|starting server: model=HY, workers=4
INFO|2026-09-12 10:04:19|server ready: model=HY, elapsed=0.0s
INFO|2026-09-12 10:04:19|ocr done: total_pages=3, todo=3, excluded=0, errors=0, elapsed=0.0s
INFO|2026-09-12 10:04:19|structure done: elapsed=0.0s
INFO|2026-09-12 10:04:19|history done: elapsed=0.0s
INFO|2026-09-12 10:04:19|render done: elapsed=0.0s
INFO|2026-09-12 10:04:19|pdf_to_epub success: epub=C:\Users\Administrator\AppData\Local\Temp\test_mian_fhzdrhw5\out.epub, total_elapsed=0.1s
INFO|2026-09-12 10:04:19|=== ptoe start: ['python.exe -m unittest', 'test_mian'] ===
INFO|2026-09-12 10:04:19|=== ptoe start: ['python.exe -m unittest', 'test_mian'] ===
INFO|2026-09-12 10:07:32|=== ptoe start: ['python.exe -m unittest', 'test_guimanage'] ===
INFO|2026-09-12 10:07:32|=== ptoe start: ['python.exe -m unittest', 'test_guimanage'] ===
INFO|2026-09-12 10:08:47|=== ptoe start: ['python.exe -m unittest', 'test_mian'] ===
INFO|2026-09-12 10:08:47|=== ptoe start: ['python.exe -m unittest', 'test_mian'] ===
INFO|2026-09-12 10:08:47|=== ptoe start: ['python.exe -m unittest', 'test_mian'] ===
INFO|2026-09-12 10:08:47|=== ptoe start: ['python.exe -m unittest', 'test_mian'] ===
INFO|2026-09-12 10:08:47|=== ptoe start: ['python.exe -m unittest', 'test_mian'] ===
INFO|2026-09-12 10:08:47|pdf_to_epub start: pdf=C:\Users\ADMINI~1\AppData\Local\Temp\test_mian_resume_v8rww1lg\sample.pdf, dpi=100, model=HY, workers=None
INFO|2026-09-12 10:08:47|split done: pages=3, dir=D:\code-project\python\PToEA\data\sample, elapsed=0.0s
INFO|2026-09-12 10:08:47|starting server: model=HY, workers=4
INFO|2026-09-12 10:08:47|server ready: model=HY, elapsed=0.0s
INFO|2026-09-12 10:08:47|ocr done: total_pages=3, todo=3, excluded=0, errors=0, elapsed=0.0s
INFO|2026-09-12 10:08:47|structure done: elapsed=0.0s
INFO|2026-09-12 10:08:47|history done: elapsed=0.0s
INFO|2026-09-12 10:08:47|render done: elapsed=0.0s
INFO|2026-09-12 10:08:47|pdf_to_epub success: epub=C:\Users\Administrator\AppData\Local\Temp\test_mian_resume_v8rww1lg\out.epub, total_elapsed=0.0s
INFO|2026-09-12 10:08:47|pdf_to_epub start: pdf=C:\Users\ADMINI~1\AppData\Local\Temp\test_mian_resume_4zg576qg\sample.pdf, dpi=100, model=HY, workers=None
INFO|2026-09-12 10:08:47|split done: pages=3, dir=D:\code-project\python\PToEA\data\sample, elapsed=0.0s
INFO|2026-09-12 10:08:47|starting server: model=HY, workers=4
INFO|2026-09-12 10:08:47|server ready: model=HY, elapsed=0.0s
INFO|2026-09-12 10:08:47|ocr done: total_pages=3, todo=3, excluded=0, errors=0, elapsed=0.0s
INFO|2026-09-12 10:08:47|structure done: elapsed=0.0s
INFO|2026-09-12 10:08:47|history done: elapsed=0.0s
INFO|2026-09-12 10:08:47|render done: elapsed=0.0s
INFO|2026-09-12 10:08:47|pdf_to_epub success: epub=C:\Users\Administrator\AppData\Local\Temp\test_mian_resume_4zg576qg\out.epub, total_elapsed=0.0s
INFO|2026-09-12 10:08:47|pdf_to_epub start: pdf=C:\Users\ADMINI~1\AppData\Local\Temp\test_mian_resume_08cats0k\sample.pdf, dpi=100, model=HY, workers=None
INFO|2026-09-12 10:08:47|split done: pages=3, dir=D:\code-project\python\PToEA\data\sample, elapsed=0.0s
INFO|2026-09-12 10:08:47|pdf_to_epub start: pdf=C:\Users\ADMINI~1\AppData\Local\Temp\test_mian_resume_4u5s4sm9\sample.pdf, dpi=100, model=HY, workers=None
INFO|2026-09-12 10:08:47|split done: pages=3, dir=D:\code-project\python\PToEA\data\sample, elapsed=0.0s
INFO|2026-09-12 10:08:47|starting server: model=HY, workers=4
INFO|2026-09-12 10:08:47|server ready: model=HY, elapsed=0.0s
INFO|2026-09-12 10:08:47|ocr done: total_pages=3, todo=1, excluded=0, errors=0, elapsed=0.0s
INFO|2026-09-12 10:08:47|structure done: elapsed=0.0s
INFO|2026-09-12 10:08:47|history done: elapsed=0.0s
INFO|2026-09-12 10:08:47|render done: elapsed=0.0s
INFO|2026-09-12 10:08:47|pdf_to_epub success: epub=C:\Users\Administrator\AppData\Local\Temp\test_mian_resume_4u5s4sm9\out.epub, total_elapsed=0.0s
INFO|2026-09-12 10:08:47|=== ptoe start: ['python.exe -m unittest', 'test_mian'] ===
INFO|2026-09-12 10:08:47|=== ptoe start: ['python.exe -m unittest', 'test_mian'] ===
INFO|2026-09-12 10:08:47|=== ptoe start: ['python.exe -m unittest', 'test_mian'] ===
INFO|2026-09-12 10:08:47|pdf_to_epub start: pdf=C:\Users\ADMINI~1\AppData\Local\Temp\test_mian_alc48dra\sample.pdf, dpi=100, model=HY, workers=None
INFO|2026-09-12 10:08:47|split done: pages=3, dir=D:\code-project\python\PToEA\data\sample, elapsed=0.1s
INFO|2026-09-12 10:08:47|starting server: model=HY, workers=4
INFO|2026-09-12 10:08:47|server ready: model=HY, elapsed=0.0s
INFO|2026-09-12 10:08:47|ocr done: total_pages=3, todo=3, excluded=0, errors=0, elapsed=0.0s
INFO|2026-09-12 10:08:47|structure done: elapsed=0.0s
INFO|2026-09-12 10:08:47|history done: elapsed=0.0s
INFO|2026-09-12 10:08:47|render done: elapsed=0.0s
INFO|2026-09-12 10:08:47|pdf_to_epub success: epub=C:\Users\Administrator\AppData\Local\Temp\test_mian_alc48dra\out.epub, total_elapsed=0.1s
INFO|2026-09-12 10:08:47|=== ptoe start: ['python.exe -m unittest', 'test_mian'] ===
INFO|2026-09-12 10:08:47|=== ptoe start: ['python.exe -m unittest', 'test_mian'] ===
INFO|2026-09-12 10:13:22|=== ptoe start: ['python.exe -m unittest', 'test_guimanage', '-v'] ===
INFO|2026-09-12 10:13:22|=== ptoe start: ['python.exe -m unittest', 'test_guimanage', '-v'] ===
INFO|2026-09-12 10:22:39|=== ptoe start: ['python.exe -m unittest', 'test_mian'] ===
INFO|2026-09-12 10:22:39|=== ptoe start: ['python.exe -m unittest', 'test_mian'] ===
INFO|2026-09-12 10:22:39|=== ptoe start: ['python.exe -m unittest', 'test_mian'] ===
INFO|2026-09-12 10:22:39|=== ptoe start: ['python.exe -m unittest', 'test_mian'] ===
INFO|2026-09-12 10:22:39|=== ptoe start: ['python.exe -m unittest', 'test_mian'] ===
INFO|2026-09-12 10:22:39|pdf_to_epub start: pdf=C:\Users\ADMINI~1\AppData\Local\Temp\test_mian_resume_a4j51k3r\sample.pdf, dpi=100, model=HY, workers=None
INFO|2026-09-12 10:22:39|split done: pages=3, dir=D:\code-project\python\PToEA\data\sample, elapsed=0.0s
INFO|2026-09-12 10:22:39|starting server: model=HY, workers=4
INFO|2026-09-12 10:22:39|server ready: model=HY, elapsed=0.0s
INFO|2026-09-12 10:22:39|ocr done: total_pages=3, todo=3, excluded=0, errors=0, elapsed=0.0s
INFO|2026-09-12 10:22:39|structure done: elapsed=0.0s
INFO|2026-09-12 10:22:39|history done: elapsed=0.0s
INFO|2026-09-12 10:22:39|render done: elapsed=0.0s
INFO|2026-09-12 10:22:39|pdf_to_epub success: epub=C:\Users\Administrator\AppData\Local\Temp\test_mian_resume_a4j51k3r\out.epub, total_elapsed=0.0s
INFO|2026-09-12 10:22:39|pdf_to_epub start: pdf=C:\Users\ADMINI~1\AppData\Local\Temp\test_mian_resume_dngygkon\sample.pdf, dpi=100, model=HY, workers=None
INFO|2026-09-12 10:22:39|split done: pages=3, dir=D:\code-project\python\PToEA\data\sample, elapsed=0.0s
INFO|2026-09-12 10:22:39|starting server: model=HY, workers=4
INFO|2026-09-12 10:22:39|server ready: model=HY, elapsed=0.0s
INFO|2026-09-12 10:22:39|ocr done: total_pages=3, todo=3, excluded=0, errors=0, elapsed=0.0s
INFO|2026-09-12 10:22:39|structure done: elapsed=0.0s
INFO|2026-09-12 10:22:39|history done: elapsed=0.0s
INFO|2026-09-12 10:22:39|render done: elapsed=0.0s
INFO|2026-09-12 10:22:39|pdf_to_epub success: epub=C:\Users\Administrator\AppData\Local\Temp\test_mian_resume_dngygkon\out.epub, total_elapsed=0.0s
INFO|2026-09-12 10:22:39|pdf_to_epub start: pdf=C:\Users\ADMINI~1\AppData\Local\Temp\test_mian_resume_psdgo6n5\sample.pdf, dpi=100, model=HY, workers=None
INFO|2026-09-12 10:22:39|split done: pages=3, dir=D:\code-project\python\PToEA\data\sample, elapsed=0.0s
INFO|2026-09-12 10:22:39|pdf_to_epub start: pdf=C:\Users\ADMINI~1\AppData\Local\Temp\test_mian_resume_i5kpbaka\sample.pdf, dpi=100, model=HY, workers=None
INFO|2026-09-12 10:22:39|split done: pages=3, dir=D:\code-project\python\PToEA\data\sample, elapsed=0.0s
INFO|2026-09-12 10:22:39|starting server: model=HY, workers=4
INFO|2026-09-12 10:22:39|server ready: model=HY, elapsed=0.0s
INFO|2026-09-12 10:22:39|ocr done: total_pages=3, todo=1, excluded=0, errors=0, elapsed=0.0s
INFO|2026-09-12 10:22:39|structure done: elapsed=0.0s
INFO|2026-09-12 10:22:39|history done: elapsed=0.0s
INFO|2026-09-12 10:22:39|render done: elapsed=0.0s
INFO|2026-09-12 10:22:39|pdf_to_epub success: epub=C:\Users\Administrator\AppData\Local\Temp\test_mian_resume_i5kpbaka\out.epub, total_elapsed=0.0s
INFO|2026-09-12 10:22:39|=== ptoe start: ['python.exe -m unittest', 'test_mian'] ===
INFO|2026-09-12 10:22:39|=== ptoe start: ['python.exe -m unittest', 'test_mian'] ===
INFO|2026-09-12 10:22:39|=== ptoe start: ['python.exe -m unittest', 'test_mian'] ===
INFO|2026-09-12 10:22:39|pdf_to_epub start: pdf=C:\Users\ADMINI~1\AppData\Local\Temp\test_mian_4gg0p9re\sample.pdf, dpi=100, model=HY, workers=None
INFO|2026-09-12 10:22:39|split done: pages=3, dir=D:\code-project\python\PToEA\data\sample, elapsed=0.1s
INFO|2026-09-12 10:22:39|starting server: model=HY, workers=4
INFO|2026-09-12 10:22:39|server ready: model=HY, elapsed=0.0s
INFO|2026-09-12 10:22:39|ocr done: total_pages=3, todo=3, excluded=0, errors=0, elapsed=0.0s
INFO|2026-09-12 10:22:39|structure done: elapsed=0.0s
INFO|2026-09-12 10:22:39|history done: elapsed=0.0s
INFO|2026-09-12 10:22:39|render done: elapsed=0.0s
INFO|2026-09-12 10:22:39|pdf_to_epub success: epub=C:\Users\Administrator\AppData\Local\Temp\test_mian_4gg0p9re\out.epub, total_elapsed=0.1s
INFO|2026-09-12 10:22:39|=== ptoe start: ['python.exe -m unittest', 'test_mian'] ===
INFO|2026-09-12 10:22:39|=== ptoe start: ['python.exe -m unittest', 'test_mian'] ===
INFO|2026-09-12 10:29:09|=== ptoe start: ['python.exe -m unittest', 'test_guimanage'] ===
INFO|2026-09-12 10:29:09|=== ptoe start: ['python.exe -m unittest', 'test_guimanage'] ===
INFO|2026-09-12 12:06:02|=== ptoe start: ['mian.py', 'gui'] ===
INFO|2026-09-12 12:28:04|=== ptoe start: ['python.exe -m unittest', 'test_guimanage'] ===
INFO|2026-09-12 12:28:04|=== ptoe start: ['python.exe -m unittest', 'test_guimanage'] ===
INFO|2026-09-12 12:34:43|=== ptoe start: ['python.exe -m unittest', 'test_guimanage'] ===
INFO|2026-09-12 12:34:43|=== ptoe start: ['python.exe -m unittest', 'test_guimanage'] ===
INFO|2026-09-12 12:51:52|=== ptoe start: ['python.exe -m unittest', 'discover', '-v'] ===
INFO|2026-09-12 12:51:52|=== ptoe start: ['python.exe -m unittest', 'discover', '-v'] ===
INFO|2026-09-12 12:52:06|pdf_to_epub start: pdf=C:\Users\ADMINI~1\AppData\Local\Temp\test_mian_hist_0e_yibzv\sample.pdf, dpi=100, model=HY, workers=None
INFO|2026-09-12 12:52:06|split done: pages=3, dir=D:\code-project\python\PToEA\data\sample, elapsed=0.0s
INFO|2026-09-12 12:52:06|ocr done: total_pages=3, todo=3, excluded=0, errors=0, elapsed=0.5s
INFO|2026-09-12 12:52:06|structure done: elapsed=0.0s
INFO|2026-09-12 12:52:06|history done: elapsed=0.0s
INFO|2026-09-12 12:52:06|render done: elapsed=0.0s
INFO|2026-09-12 12:52:06|pdf_to_epub success: epub=C:\Users\Administrator\AppData\Local\Temp\test_mian_hist_0e_yibzv\out.epub, total_elapsed=0.6s
INFO|2026-09-12 12:52:06|=== ptoe start: ['python.exe -m unittest', 'discover', '-v'] ===
INFO|2026-09-12 12:52:06|=== ptoe start: ['python.exe -m unittest', 'discover', '-v'] ===
INFO|2026-09-12 12:52:06|=== ptoe start: ['python.exe -m unittest', 'discover', '-v'] ===
INFO|2026-09-12 12:52:06|=== ptoe start: ['python.exe -m unittest', 'discover', '-v'] ===
INFO|2026-09-12 12:52:06|=== ptoe start: ['python.exe -m unittest', 'discover', '-v'] ===
INFO|2026-09-12 12:52:06|pdf_to_epub start: pdf=C:\Users\ADMINI~1\AppData\Local\Temp\test_mian_resume_bhn5_qsb\sample.pdf, dpi=100, model=HY, workers=None
INFO|2026-09-12 12:52:06|split done: pages=3, dir=D:\code-project\python\PToEA\data\sample, elapsed=0.0s
INFO|2026-09-12 12:52:07|ocr done: total_pages=3, todo=3, excluded=0, errors=0, elapsed=0.2s
INFO|2026-09-12 12:52:07|structure done: elapsed=0.0s
INFO|2026-09-12 12:52:07|history done: elapsed=0.0s
INFO|2026-09-12 12:52:07|render done: elapsed=0.0s
INFO|2026-09-12 12:52:07|pdf_to_epub success: epub=C:\Users\Administrator\AppData\Local\Temp\test_mian_resume_bhn5_qsb\out.epub, total_elapsed=0.3s
INFO|2026-09-12 12:52:07|pdf_to_epub start: pdf=C:\Users\ADMINI~1\AppData\Local\Temp\test_mian_resume_wmobmcdq\sample.pdf, dpi=100, model=HY, workers=None
INFO|2026-09-12 12:52:07|split done: pages=3, dir=D:\code-project\python\PToEA\data\sample, elapsed=0.0s
INFO|2026-09-12 12:52:07|ocr done: total_pages=3, todo=3, excluded=0, errors=0, elapsed=0.2s
INFO|2026-09-12 12:52:07|structure done: elapsed=0.0s
INFO|2026-09-12 12:52:07|history done: elapsed=0.0s
INFO|2026-09-12 12:52:07|render done: elapsed=0.0s
INFO|2026-09-12 12:52:07|pdf_to_epub success: epub=C:\Users\Administrator\AppData\Local\Temp\test_mian_resume_wmobmcdq\out.epub, total_elapsed=0.3s
INFO|2026-09-12 12:52:07|pdf_to_epub start: pdf=C:\Users\ADMINI~1\AppData\Local\Temp\test_mian_resume_e9m7hsvj\sample.pdf, dpi=100, model=HY, workers=None
INFO|2026-09-12 12:52:07|split done: pages=3, dir=D:\code-project\python\PToEA\data\sample, elapsed=0.0s
INFO|2026-09-12 12:52:07|pdf_to_epub start: pdf=C:\Users\ADMINI~1\AppData\Local\Temp\test_mian_resume_l5ms_urk\sample.pdf, dpi=100, model=HY, workers=None
INFO|2026-09-12 12:52:07|split done: pages=3, dir=D:\code-project\python\PToEA\data\sample, elapsed=0.0s
INFO|2026-09-12 12:52:07|ocr done: total_pages=3, todo=1, excluded=0, errors=0, elapsed=0.1s
INFO|2026-09-12 12:52:07|structure done: elapsed=0.0s
INFO|2026-09-12 12:52:07|history done: elapsed=0.0s
INFO|2026-09-12 12:52:07|render done: elapsed=0.0s
INFO|2026-09-12 12:52:07|pdf_to_epub success: epub=C:\Users\Administrator\AppData\Local\Temp\test_mian_resume_l5ms_urk\out.epub, total_elapsed=0.1s
INFO|2026-09-12 12:52:07|=== ptoe start: ['python.exe -m unittest', 'discover', '-v'] ===
INFO|2026-09-12 12:52:07|=== ptoe start: ['python.exe -m unittest', 'discover', '-v'] ===
INFO|2026-09-12 12:52:07|=== ptoe start: ['python.exe -m unittest', 'discover', '-v'] ===
INFO|2026-09-12 12:52:07|pdf_to_epub start: pdf=C:\Users\ADMINI~1\AppData\Local\Temp\test_mian_l42cc1wu\sample.pdf, dpi=100, model=HY, workers=None
INFO|2026-09-12 12:52:07|split done: pages=3, dir=D:\code-project\python\PToEA\data\sample, elapsed=0.0s
INFO|2026-09-12 12:52:07|ocr done: total_pages=3, todo=3, excluded=0, errors=0, elapsed=0.2s
INFO|2026-09-12 12:52:07|structure done: elapsed=0.0s
INFO|2026-09-12 12:52:07|history done: elapsed=0.0s
INFO|2026-09-12 12:52:08|render done: elapsed=0.0s
INFO|2026-09-12 12:52:08|pdf_to_epub success: epub=C:\Users\Administrator\AppData\Local\Temp\test_mian_l42cc1wu\out.epub, total_elapsed=0.3s
INFO|2026-09-12 12:52:08|=== ptoe start: ['python.exe -m unittest', 'discover', '-v'] ===
INFO|2026-09-12 12:52:08|=== ptoe start: ['python.exe -m unittest', 'discover', '-v'] ===
INFO|2026-09-12 12:52:53|=== ptoe start: ['python.exe -m unittest', 'test_mian', '-v'] ===
INFO|2026-09-12 12:52:53|=== ptoe start: ['python.exe -m unittest', 'test_mian', '-v'] ===
INFO|2026-09-12 12:52:53|=== ptoe start: ['python.exe -m unittest', 'test_mian', '-v'] ===
INFO|2026-09-12 12:52:53|=== ptoe start: ['python.exe -m unittest', 'test_mian', '-v'] ===
INFO|2026-09-12 12:52:53|=== ptoe start: ['python.exe -m unittest', 'test_mian', '-v'] ===
INFO|2026-09-12 12:52:53|pdf_to_epub start: pdf=C:\Users\ADMINI~1\AppData\Local\Temp\test_mian_resume_ppd4iw45\sample.pdf, dpi=100, model=HY, workers=None
INFO|2026-09-12 12:52:53|split done: pages=3, dir=D:\code-project\python\PToEA\data\sample, elapsed=0.0s
INFO|2026-09-12 12:52:53|ocr done: total_pages=3, todo=3, excluded=0, errors=0, elapsed=0.3s
INFO|2026-09-12 12:52:53|structure done: elapsed=0.0s
INFO|2026-09-12 12:52:53|history done: elapsed=0.0s
INFO|2026-09-12 12:52:53|render done: elapsed=0.0s
INFO|2026-09-12 12:52:53|pdf_to_epub success: epub=C:\Users\Administrator\AppData\Local\Temp\test_mian_resume_ppd4iw45\out.epub, total_elapsed=0.3s
INFO|2026-09-12 12:52:53|pdf_to_epub start: pdf=C:\Users\ADMINI~1\AppData\Local\Temp\test_mian_resume__c_8xbyn\sample.pdf, dpi=100, model=HY, workers=None
INFO|2026-09-12 12:52:53|split done: pages=3, dir=D:\code-project\python\PToEA\data\sample, elapsed=0.0s
INFO|2026-09-12 12:52:53|ocr done: total_pages=3, todo=3, excluded=0, errors=0, elapsed=0.2s
INFO|2026-09-12 12:52:53|structure done: elapsed=0.0s
INFO|2026-09-12 12:52:53|history done: elapsed=0.0s
INFO|2026-09-12 12:52:53|render done: elapsed=0.0s
INFO|2026-09-12 12:52:53|pdf_to_epub success: epub=C:\Users\Administrator\AppData\Local\Temp\test_mian_resume__c_8xbyn\out.epub, total_elapsed=0.3s
INFO|2026-09-12 12:52:54|pdf_to_epub start: pdf=C:\Users\ADMINI~1\AppData\Local\Temp\test_mian_resume_iws6g1sl\sample.pdf, dpi=100, model=HY, workers=None
INFO|2026-09-12 12:52:54|split done: pages=3, dir=D:\code-project\python\PToEA\data\sample, elapsed=0.0s
INFO|2026-09-12 12:52:54|pdf_to_epub start: pdf=C:\Users\ADMINI~1\AppData\Local\Temp\test_mian_resume_q76o_plm\sample.pdf, dpi=100, model=HY, workers=None
INFO|2026-09-12 12:52:54|split done: pages=3, dir=D:\code-project\python\PToEA\data\sample, elapsed=0.0s
INFO|2026-09-12 12:52:54|ocr done: total_pages=3, todo=1, excluded=0, errors=0, elapsed=0.1s
INFO|2026-09-12 12:52:54|structure done: elapsed=0.0s
INFO|2026-09-12 12:52:54|history done: elapsed=0.0s
INFO|2026-09-12 12:52:54|render done: elapsed=0.0s
INFO|2026-09-12 12:52:54|pdf_to_epub success: epub=C:\Users\Administrator\AppData\Local\Temp\test_mian_resume_q76o_plm\out.epub, total_elapsed=0.1s
INFO|2026-09-12 12:52:54|=== ptoe start: ['python.exe -m unittest', 'test_mian', '-v'] ===
INFO|2026-09-12 12:52:54|=== ptoe start: ['python.exe -m unittest', 'test_mian', '-v'] ===
INFO|2026-09-12 12:52:54|=== ptoe start: ['python.exe -m unittest', 'test_mian', '-v'] ===
INFO|2026-09-12 12:52:54|pdf_to_epub start: pdf=C:\Users\ADMINI~1\AppData\Local\Temp\test_mian_5agekd_w\sample.pdf, dpi=100, model=HY, workers=None
INFO|2026-09-12 12:52:54|split done: pages=3, dir=D:\code-project\python\PToEA\data\sample, elapsed=0.0s
INFO|2026-09-12 12:52:54|ocr done: total_pages=3, todo=3, excluded=0, errors=0, elapsed=0.2s
INFO|2026-09-12 12:52:54|structure done: elapsed=0.0s
INFO|2026-09-12 12:52:54|history done: elapsed=0.0s
INFO|2026-09-12 12:52:54|render done: elapsed=0.0s
INFO|2026-09-12 12:52:54|pdf_to_epub success: epub=C:\Users\Administrator\AppData\Local\Temp\test_mian_5agekd_w\out.epub, total_elapsed=0.3s
INFO|2026-09-12 12:52:54|=== ptoe start: ['python.exe -m unittest', 'test_mian', '-v'] ===
INFO|2026-09-12 12:52:54|=== ptoe start: ['python.exe -m unittest', 'test_mian', '-v'] ===
INFO|2026-09-12 12:54:32|=== ptoe start: ['python.exe -m unittest', 'test_mian'] ===
INFO|2026-09-12 12:54:32|=== ptoe start: ['python.exe -m unittest', 'test_mian'] ===
INFO|2026-09-12 12:54:32|=== ptoe start: ['python.exe -m unittest', 'test_mian'] ===
INFO|2026-09-12 12:54:32|=== ptoe start: ['python.exe -m unittest', 'test_mian'] ===
INFO|2026-09-12 12:54:32|=== ptoe start: ['python.exe -m unittest', 'test_mian'] ===
INFO|2026-09-12 12:54:32|pdf_to_epub start: pdf=C:\Users\ADMINI~1\AppData\Local\Temp\test_mian_resume_w57prkg0\sample.pdf, dpi=100, model=HY, workers=None
INFO|2026-09-12 12:54:32|split done: pages=3, dir=D:\code-project\python\PToEA\data\sample, elapsed=0.0s
INFO|2026-09-12 12:54:32|ocr done: total_pages=3, todo=3, excluded=0, errors=0, elapsed=0.2s
INFO|2026-09-12 12:54:32|structure done: elapsed=0.0s
INFO|2026-09-12 12:54:32|history done: elapsed=0.0s
INFO|2026-09-12 12:54:32|render done: elapsed=0.0s
INFO|2026-09-12 12:54:32|pdf_to_epub success: epub=C:\Users\Administrator\AppData\Local\Temp\test_mian_resume_w57prkg0\out.epub, total_elapsed=0.3s
INFO|2026-09-12 12:54:32|pdf_to_epub start: pdf=C:\Users\ADMINI~1\AppData\Local\Temp\test_mian_resume_a_vfwmwg\sample.pdf, dpi=100, model=HY, workers=None
INFO|2026-09-12 12:54:32|split done: pages=3, dir=D:\code-project\python\PToEA\data\sample, elapsed=0.0s
INFO|2026-09-12 12:54:32|ocr done: total_pages=3, todo=3, excluded=0, errors=0, elapsed=0.3s
INFO|2026-09-12 12:54:32|structure done: elapsed=0.0s
INFO|2026-09-12 12:54:32|history done: elapsed=0.0s
INFO|2026-09-12 12:54:32|render done: elapsed=0.0s
INFO|2026-09-12 12:54:32|pdf_to_epub success: epub=C:\Users\Administrator\AppData\Local\Temp\test_mian_resume_a_vfwmwg\out.epub, total_elapsed=0.3s
INFO|2026-09-12 12:54:32|pdf_to_epub start: pdf=C:\Users\ADMINI~1\AppData\Local\Temp\test_mian_resume_kgckvq4l\sample.pdf, dpi=100, model=HY, workers=None
INFO|2026-09-12 12:54:32|split done: pages=3, dir=D:\code-project\python\PToEA\data\sample, elapsed=0.0s
INFO|2026-09-12 12:54:32|pdf_to_epub start: pdf=C:\Users\ADMINI~1\AppData\Local\Temp\test_mian_resume_x0j7mdco\sample.pdf, dpi=100, model=HY, workers=None
INFO|2026-09-12 12:54:32|split done: pages=3, dir=D:\code-project\python\PToEA\data\sample, elapsed=0.0s
INFO|2026-09-12 12:54:33|ocr done: total_pages=3, todo=1, excluded=0, errors=0, elapsed=0.1s
INFO|2026-09-12 12:54:33|structure done: elapsed=0.0s
INFO|2026-09-12 12:54:33|history done: elapsed=0.0s
INFO|2026-09-12 12:54:33|render done: elapsed=0.0s
INFO|2026-09-12 12:54:33|pdf_to_epub success: epub=C:\Users\Administrator\AppData\Local\Temp\test_mian_resume_x0j7mdco\out.epub, total_elapsed=0.1s
INFO|2026-09-12 12:54:33|=== ptoe start: ['python.exe -m unittest', 'test_mian'] ===
INFO|2026-09-12 12:54:33|=== ptoe start: ['python.exe -m unittest', 'test_mian'] ===
INFO|2026-09-12 12:54:33|=== ptoe start: ['python.exe -m unittest', 'test_mian'] ===
INFO|2026-09-12 12:54:33|pdf_to_epub start: pdf=C:\Users\ADMINI~1\AppData\Local\Temp\test_mian_mp3tqmzw\sample.pdf, dpi=100, model=HY, workers=None
INFO|2026-09-12 12:54:33|split done: pages=3, dir=D:\code-project\python\PToEA\data\sample, elapsed=0.0s
INFO|2026-09-12 12:54:33|ocr done: total_pages=3, todo=3, excluded=0, errors=0, elapsed=0.2s
INFO|2026-09-12 12:54:33|structure done: elapsed=0.0s
INFO|2026-09-12 12:54:33|history done: elapsed=0.0s
INFO|2026-09-12 12:54:33|render done: elapsed=0.0s
INFO|2026-09-12 12:54:33|pdf_to_epub success: epub=C:\Users\Administrator\AppData\Local\Temp\test_mian_mp3tqmzw\out.epub, total_elapsed=0.3s
INFO|2026-09-12 12:54:33|=== ptoe start: ['python.exe -m unittest', 'test_mian'] ===
INFO|2026-09-12 12:54:33|=== ptoe start: ['python.exe -m unittest', 'test_mian'] ===
INFO|2026-09-12 13:42:55|=== ptoe start: ['python.exe -m unittest', 'test_mian', '-v'] ===
INFO|2026-09-12 13:42:55|=== ptoe start: ['python.exe -m unittest', 'test_mian', '-v'] ===
INFO|2026-09-12 13:42:55|=== ptoe start: ['python.exe -m unittest', 'test_mian', '-v'] ===
INFO|2026-09-12 13:42:55|=== ptoe start: ['python.exe -m unittest', 'test_mian', '-v'] ===
INFO|2026-09-12 13:42:55|=== ptoe start: ['python.exe -m unittest', 'test_mian', '-v'] ===
INFO|2026-09-12 13:42:55|pdf_to_epub start: pdf=C:\Users\ADMINI~1\AppData\Local\Temp\test_mian_resume_ry9im3u0\sample.pdf, dpi=100, model=HY, workers=None
INFO|2026-09-12 13:42:55|split done: pages=3, dir=D:\code-project\python\PToEA\data\sample, elapsed=0.0s
INFO|2026-09-12 13:42:55|starting server: model=HY, workers=4
INFO|2026-09-12 13:42:55|server ready: model=HY, elapsed=0.0s
INFO|2026-09-12 13:42:55|ocr done: total_pages=3, todo=3, excluded=0, errors=0, elapsed=0.0s
INFO|2026-09-12 13:42:55|structure done: elapsed=0.0s
INFO|2026-09-12 13:42:55|history done: elapsed=0.0s
INFO|2026-09-12 13:42:55|render done: elapsed=0.0s
INFO|2026-09-12 13:42:55|pdf_to_epub success: epub=C:\Users\Administrator\AppData\Local\Temp\test_mian_resume_ry9im3u0\out.epub, total_elapsed=0.0s
INFO|2026-09-12 13:42:55|pdf_to_epub start: pdf=C:\Users\ADMINI~1\AppData\Local\Temp\test_mian_resume_w20vxnkq\sample.pdf, dpi=100, model=HY, workers=None
INFO|2026-09-12 13:42:55|split done: pages=3, dir=D:\code-project\python\PToEA\data\sample, elapsed=0.0s
INFO|2026-09-12 13:42:55|starting server: model=HY, workers=4
INFO|2026-09-12 13:42:55|server ready: model=HY, elapsed=0.0s
INFO|2026-09-12 13:42:55|ocr done: total_pages=3, todo=3, excluded=0, errors=0, elapsed=0.0s
INFO|2026-09-12 13:42:55|structure done: elapsed=0.0s
INFO|2026-09-12 13:42:55|history done: elapsed=0.0s
INFO|2026-09-12 13:42:55|render done: elapsed=0.0s
INFO|2026-09-12 13:42:55|pdf_to_epub success: epub=C:\Users\Administrator\AppData\Local\Temp\test_mian_resume_w20vxnkq\out.epub, total_elapsed=0.0s
INFO|2026-09-12 13:42:55|pdf_to_epub start: pdf=C:\Users\ADMINI~1\AppData\Local\Temp\test_mian_resume_81sgihaz\sample.pdf, dpi=100, model=HY, workers=None
INFO|2026-09-12 13:42:55|split done: pages=3, dir=D:\code-project\python\PToEA\data\sample, elapsed=0.0s
INFO|2026-09-12 13:42:55|pdf_to_epub start: pdf=C:\Users\ADMINI~1\AppData\Local\Temp\test_mian_resume_ulyu9wnl\sample.pdf, dpi=100, model=HY, workers=None
INFO|2026-09-12 13:42:55|split done: pages=3, dir=D:\code-project\python\PToEA\data\sample, elapsed=0.0s
INFO|2026-09-12 13:42:55|starting server: model=HY, workers=4
INFO|2026-09-12 13:42:55|server ready: model=HY, elapsed=0.0s
INFO|2026-09-12 13:42:55|ocr done: total_pages=3, todo=1, excluded=0, errors=0, elapsed=0.0s
INFO|2026-09-12 13:42:55|structure done: elapsed=0.0s
INFO|2026-09-12 13:42:55|history done: elapsed=0.0s
INFO|2026-09-12 13:42:55|render done: elapsed=0.0s
INFO|2026-09-12 13:42:55|pdf_to_epub success: epub=C:\Users\Administrator\AppData\Local\Temp\test_mian_resume_ulyu9wnl\out.epub, total_elapsed=0.0s
INFO|2026-09-12 13:42:55|=== ptoe start: ['python.exe -m unittest', 'test_mian', '-v'] ===
INFO|2026-09-12 13:42:55|=== ptoe start: ['python.exe -m unittest', 'test_mian', '-v'] ===
INFO|2026-09-12 13:42:55|=== ptoe start: ['python.exe -m unittest', 'test_mian', '-v'] ===
INFO|2026-09-12 13:42:55|pdf_to_epub start: pdf=C:\Users\ADMINI~1\AppData\Local\Temp\test_mian__5aodteh\sample.pdf, dpi=100, model=HY, workers=None
INFO|2026-09-12 13:42:55|split done: pages=3, dir=D:\code-project\python\PToEA\data\sample, elapsed=0.0s
INFO|2026-09-12 13:42:55|starting server: model=HY, workers=4
INFO|2026-09-12 13:42:55|server ready: model=HY, elapsed=0.0s
INFO|2026-09-12 13:42:55|ocr done: total_pages=3, todo=3, excluded=0, errors=0, elapsed=0.0s
INFO|2026-09-12 13:42:55|structure done: elapsed=0.0s
INFO|2026-09-12 13:42:55|history done: elapsed=0.0s
INFO|2026-09-12 13:42:55|render done: elapsed=0.0s
INFO|2026-09-12 13:42:55|pdf_to_epub success: epub=C:\Users\Administrator\AppData\Local\Temp\test_mian__5aodteh\out.epub, total_elapsed=0.0s
INFO|2026-09-12 13:42:55|=== ptoe start: ['python.exe -m unittest', 'test_mian', '-v'] ===
INFO|2026-09-12 13:42:55|=== ptoe start: ['python.exe -m unittest', 'test_mian', '-v'] ===
INFO|2026-09-12 13:48:22|=== ptoe start: ['python.exe -m unittest', 'discover'] ===
INFO|2026-09-12 13:48:22|=== ptoe start: ['python.exe -m unittest', 'discover'] ===
INFO|2026-09-12 13:48:36|pdf_to_epub start: pdf=C:\Users\ADMINI~1\AppData\Local\Temp\test_mian_hist_preutltj\sample.pdf, dpi=100, model=HY, workers=None
INFO|2026-09-12 13:48:36|split done: pages=3, dir=D:\code-project\python\PToEA\data\sample, elapsed=0.0s
INFO|2026-09-12 13:48:36|starting server: model=HY, workers=4
INFO|2026-09-12 13:48:36|server ready: model=HY, elapsed=0.0s
INFO|2026-09-12 13:48:36|ocr done: total_pages=3, todo=3, excluded=0, errors=0, elapsed=0.0s
INFO|2026-09-12 13:48:36|structure done: elapsed=0.0s
INFO|2026-09-12 13:48:36|history done: elapsed=0.0s
INFO|2026-09-12 13:48:36|render done: elapsed=0.0s
INFO|2026-09-12 13:48:36|pdf_to_epub success: epub=C:\Users\Administrator\AppData\Local\Temp\test_mian_hist_preutltj\out.epub, total_elapsed=0.0s
INFO|2026-09-12 13:48:36|=== ptoe start: ['python.exe -m unittest', 'discover'] ===
INFO|2026-09-12 13:48:36|=== ptoe start: ['python.exe -m unittest', 'discover'] ===
INFO|2026-09-12 13:48:36|=== ptoe start: ['python.exe -m unittest', 'discover'] ===
INFO|2026-09-12 13:48:36|=== ptoe start: ['python.exe -m unittest', 'discover'] ===
INFO|2026-09-12 13:48:36|=== ptoe start: ['python.exe -m unittest', 'discover'] ===
INFO|2026-09-12 13:48:36|pdf_to_epub start: pdf=C:\Users\ADMINI~1\AppData\Local\Temp\test_mian_resume_f8zpz4ax\sample.pdf, dpi=100, model=HY, workers=None
INFO|2026-09-12 13:48:36|split done: pages=3, dir=D:\code-project\python\PToEA\data\sample, elapsed=0.0s
INFO|2026-09-12 13:48:36|starting server: model=HY, workers=4
INFO|2026-09-12 13:48:36|server ready: model=HY, elapsed=0.0s
INFO|2026-09-12 13:48:36|ocr done: total_pages=3, todo=3, excluded=0, errors=0, elapsed=0.0s
INFO|2026-09-12 13:48:36|structure done: elapsed=0.0s
INFO|2026-09-12 13:48:36|history done: elapsed=0.0s
INFO|2026-09-12 13:48:36|render done: elapsed=0.0s
INFO|2026-09-12 13:48:36|pdf_to_epub success: epub=C:\Users\Administrator\AppData\Local\Temp\test_mian_resume_f8zpz4ax\out.epub, total_elapsed=0.0s
INFO|2026-09-12 13:48:36|pdf_to_epub start: pdf=C:\Users\ADMINI~1\AppData\Local\Temp\test_mian_resume_4t73_00h\sample.pdf, dpi=100, model=HY, workers=None
INFO|2026-09-12 13:48:36|split done: pages=3, dir=D:\code-project\python\PToEA\data\sample, elapsed=0.0s
INFO|2026-09-12 13:48:36|starting server: model=HY, workers=4
INFO|2026-09-12 13:48:36|server ready: model=HY, elapsed=0.0s
INFO|2026-09-12 13:48:36|ocr done: total_pages=3, todo=3, excluded=0, errors=0, elapsed=0.0s
INFO|2026-09-12 13:48:36|structure done: elapsed=0.0s
INFO|2026-09-12 13:48:36|history done: elapsed=0.0s
INFO|2026-09-12 13:48:36|render done: elapsed=0.0s
INFO|2026-09-12 13:48:36|pdf_to_epub success: epub=C:\Users\Administrator\AppData\Local\Temp\test_mian_resume_4t73_00h\out.epub, total_elapsed=0.0s
INFO|2026-09-12 13:48:36|pdf_to_epub start: pdf=C:\Users\ADMINI~1\AppData\Local\Temp\test_mian_resume__h23sb06\sample.pdf, dpi=100, model=HY, workers=None
INFO|2026-09-12 13:48:36|split done: pages=3, dir=D:\code-project\python\PToEA\data\sample, elapsed=0.0s
INFO|2026-09-12 13:48:36|pdf_to_epub start: pdf=C:\Users\ADMINI~1\AppData\Local\Temp\test_mian_resume_47id0ec3\sample.pdf, dpi=100, model=HY, workers=None
INFO|2026-09-12 13:48:36|split done: pages=3, dir=D:\code-project\python\PToEA\data\sample, elapsed=0.0s
INFO|2026-09-12 13:48:36|starting server: model=HY, workers=4
INFO|2026-09-12 13:48:36|server ready: model=HY, elapsed=0.0s
INFO|2026-09-12 13:48:36|ocr done: total_pages=3, todo=1, excluded=0, errors=0, elapsed=0.0s
INFO|2026-09-12 13:48:36|structure done: elapsed=0.0s
INFO|2026-09-12 13:48:36|history done: elapsed=0.0s
INFO|2026-09-12 13:48:36|render done: elapsed=0.0s
INFO|2026-09-12 13:48:36|pdf_to_epub success: epub=C:\Users\Administrator\AppData\Local\Temp\test_mian_resume_47id0ec3\out.epub, total_elapsed=0.0s
INFO|2026-09-12 13:48:36|=== ptoe start: ['python.exe -m unittest', 'discover'] ===
INFO|2026-09-12 13:48:36|=== ptoe start: ['python.exe -m unittest', 'discover'] ===
INFO|2026-09-12 13:48:36|=== ptoe start: ['python.exe -m unittest', 'discover'] ===
INFO|2026-09-12 13:48:36|pdf_to_epub start: pdf=C:\Users\ADMINI~1\AppData\Local\Temp\test_mian_xx0dg6nc\sample.pdf, dpi=100, model=HY, workers=None
INFO|2026-09-12 13:48:36|split done: pages=3, dir=D:\code-project\python\PToEA\data\sample, elapsed=0.0s
INFO|2026-09-12 13:48:36|starting server: model=HY, workers=4
INFO|2026-09-12 13:48:36|server ready: model=HY, elapsed=0.0s
INFO|2026-09-12 13:48:36|ocr done: total_pages=3, todo=3, excluded=0, errors=0, elapsed=0.0s
INFO|2026-09-12 13:48:36|structure done: elapsed=0.0s
INFO|2026-09-12 13:48:36|history done: elapsed=0.0s
INFO|2026-09-12 13:48:36|render done: elapsed=0.0s
INFO|2026-09-12 13:48:36|pdf_to_epub success: epub=C:\Users\Administrator\AppData\Local\Temp\test_mian_xx0dg6nc\out.epub, total_elapsed=0.0s
INFO|2026-09-12 13:48:36|=== ptoe start: ['python.exe -m unittest', 'discover'] ===
INFO|2026-09-12 13:48:36|=== ptoe start: ['python.exe -m unittest', 'discover'] ===
INFO|2026-09-12 13:50:42|=== ptoe start: ['python.exe -m unittest', 'test_mian'] ===
INFO|2026-09-12 13:50:42|=== ptoe start: ['python.exe -m unittest', 'test_mian'] ===
INFO|2026-09-12 13:50:42|=== ptoe start: ['python.exe -m unittest', 'test_mian'] ===
INFO|2026-09-12 13:50:42|=== ptoe start: ['python.exe -m unittest', 'test_mian'] ===
INFO|2026-09-12 13:50:42|=== ptoe start: ['python.exe -m unittest', 'test_mian'] ===
INFO|2026-09-12 13:50:42|pdf_to_epub start: pdf=C:\Users\ADMINI~1\AppData\Local\Temp\test_mian_resume_wwcrxgqc\sample.pdf, dpi=100, model=HY, workers=None
INFO|2026-09-12 13:50:42|split done: pages=3, dir=D:\code-project\python\PToEA\data\sample, elapsed=0.0s
INFO|2026-09-12 13:50:42|starting server: model=HY, workers=4
INFO|2026-09-12 13:50:42|server ready: model=HY, elapsed=0.0s
INFO|2026-09-12 13:50:42|ocr done: total_pages=3, todo=3, excluded=0, errors=0, elapsed=0.0s
INFO|2026-09-12 13:50:42|structure done: elapsed=0.0s
INFO|2026-09-12 13:50:42|history done: elapsed=0.0s
INFO|2026-09-12 13:50:42|render done: elapsed=0.0s
INFO|2026-09-12 13:50:42|pdf_to_epub success: epub=C:\Users\Administrator\AppData\Local\Temp\test_mian_resume_wwcrxgqc\out.epub, total_elapsed=0.0s
INFO|2026-09-12 13:50:42|pdf_to_epub start: pdf=C:\Users\ADMINI~1\AppData\Local\Temp\test_mian_resume_grt8fbe_\sample.pdf, dpi=100, model=HY, workers=None
INFO|2026-09-12 13:50:42|split done: pages=3, dir=D:\code-project\python\PToEA\data\sample, elapsed=0.0s
INFO|2026-09-12 13:50:42|starting server: model=HY, workers=4
INFO|2026-09-12 13:50:42|server ready: model=HY, elapsed=0.0s
INFO|2026-09-12 13:50:42|ocr done: total_pages=3, todo=3, excluded=0, errors=0, elapsed=0.0s
INFO|2026-09-12 13:50:42|structure done: elapsed=0.0s
INFO|2026-09-12 13:50:42|history done: elapsed=0.0s
INFO|2026-09-12 13:50:42|render done: elapsed=0.0s
INFO|2026-09-12 13:50:42|pdf_to_epub success: epub=C:\Users\Administrator\AppData\Local\Temp\test_mian_resume_grt8fbe_\out.epub, total_elapsed=0.0s
INFO|2026-09-12 13:50:42|pdf_to_epub start: pdf=C:\Users\ADMINI~1\AppData\Local\Temp\test_mian_resume_rvel7dqk\sample.pdf, dpi=100, model=HY, workers=None
INFO|2026-09-12 13:50:42|split done: pages=3, dir=D:\code-project\python\PToEA\data\sample, elapsed=0.0s
INFO|2026-09-12 13:50:42|pdf_to_epub start: pdf=C:\Users\ADMINI~1\AppData\Local\Temp\test_mian_resume_qyex26p7\sample.pdf, dpi=100, model=HY, workers=None
INFO|2026-09-12 13:50:42|split done: pages=3, dir=D:\code-project\python\PToEA\data\sample, elapsed=0.0s
INFO|2026-09-12 13:50:42|starting server: model=HY, workers=4
INFO|2026-09-12 13:50:42|server ready: model=HY, elapsed=0.0s
INFO|2026-09-12 13:50:42|ocr done: total_pages=3, todo=1, excluded=0, errors=0, elapsed=0.0s
INFO|2026-09-12 13:50:42|structure done: elapsed=0.0s
INFO|2026-09-12 13:50:42|history done: elapsed=0.0s
INFO|2026-09-12 13:50:42|render done: elapsed=0.0s
INFO|2026-09-12 13:50:42|pdf_to_epub success: epub=C:\Users\Administrator\AppData\Local\Temp\test_mian_resume_qyex26p7\out.epub, total_elapsed=0.0s
INFO|2026-09-12 13:50:42|=== ptoe start: ['python.exe -m unittest', 'test_mian'] ===
INFO|2026-09-12 13:50:42|=== ptoe start: ['python.exe -m unittest', 'test_mian'] ===
INFO|2026-09-12 13:50:42|=== ptoe start: ['python.exe -m unittest', 'test_mian'] ===
INFO|2026-09-12 13:50:42|pdf_to_epub start: pdf=C:\Users\ADMINI~1\AppData\Local\Temp\test_mian_dcqi66q4\sample.pdf, dpi=100, model=HY, workers=None
INFO|2026-09-12 13:50:42|split done: pages=3, dir=D:\code-project\python\PToEA\data\sample, elapsed=0.0s
INFO|2026-09-12 13:50:42|starting server: model=HY, workers=4
INFO|2026-09-12 13:50:42|server ready: model=HY, elapsed=0.0s
INFO|2026-09-12 13:50:43|ocr done: total_pages=3, todo=3, excluded=0, errors=0, elapsed=0.0s
INFO|2026-09-12 13:50:43|structure done: elapsed=0.0s
INFO|2026-09-12 13:50:43|history done: elapsed=0.0s
INFO|2026-09-12 13:50:43|render done: elapsed=0.0s
INFO|2026-09-12 13:50:43|pdf_to_epub success: epub=C:\Users\Administrator\AppData\Local\Temp\test_mian_dcqi66q4\out.epub, total_elapsed=0.0s
INFO|2026-09-12 13:50:43|=== ptoe start: ['python.exe -m unittest', 'test_mian'] ===
INFO|2026-09-12 13:50:43|=== ptoe start: ['python.exe -m unittest', 'test_mian'] ===
INFO|2026-09-12 13:50:58|=== ptoe start: ['python.exe -m unittest', 'test_mian'] ===
INFO|2026-09-12 13:50:58|=== ptoe start: ['python.exe -m unittest', 'test_mian'] ===
INFO|2026-09-12 13:50:58|=== ptoe start: ['python.exe -m unittest', 'test_mian'] ===
INFO|2026-09-12 13:50:58|=== ptoe start: ['python.exe -m unittest', 'test_mian'] ===
INFO|2026-09-12 13:50:58|=== ptoe start: ['python.exe -m unittest', 'test_mian'] ===
INFO|2026-09-12 13:50:58|pdf_to_epub start: pdf=C:\Users\ADMINI~1\AppData\Local\Temp\test_mian_resume_973jal9r\sample.pdf, dpi=100, model=HY, workers=None
INFO|2026-09-12 13:50:58|split done: pages=3, dir=D:\code-project\python\PToEA\data\sample, elapsed=0.0s
INFO|2026-09-12 13:50:58|starting server: model=HY, workers=4
INFO|2026-09-12 13:50:58|server ready: model=HY, elapsed=0.0s
INFO|2026-09-12 13:50:58|ocr done: total_pages=3, todo=3, excluded=0, errors=0, elapsed=0.0s
INFO|2026-09-12 13:50:58|structure done: elapsed=0.0s
INFO|2026-09-12 13:50:58|history done: elapsed=0.0s
INFO|2026-09-12 13:50:58|render done: elapsed=0.0s
INFO|2026-09-12 13:50:58|pdf_to_epub success: epub=C:\Users\Administrator\AppData\Local\Temp\test_mian_resume_973jal9r\out.epub, total_elapsed=0.0s
INFO|2026-09-12 13:50:58|pdf_to_epub start: pdf=C:\Users\ADMINI~1\AppData\Local\Temp\test_mian_resume_fzvy56ej\sample.pdf, dpi=100, model=HY, workers=None
INFO|2026-09-12 13:50:58|split done: pages=3, dir=D:\code-project\python\PToEA\data\sample, elapsed=0.0s
INFO|2026-09-12 13:50:58|starting server: model=HY, workers=4
INFO|2026-09-12 13:50:58|server ready: model=HY, elapsed=0.0s
INFO|2026-09-12 13:50:58|ocr done: total_pages=3, todo=3, excluded=0, errors=0, elapsed=0.0s
INFO|2026-09-12 13:50:58|structure done: elapsed=0.0s
INFO|2026-09-12 13:50:58|history done: elapsed=0.0s
INFO|2026-09-12 13:50:58|render done: elapsed=0.0s
INFO|2026-09-12 13:50:58|pdf_to_epub success: epub=C:\Users\Administrator\AppData\Local\Temp\test_mian_resume_fzvy56ej\out.epub, total_elapsed=0.0s
INFO|2026-09-12 13:50:58|pdf_to_epub start: pdf=C:\Users\ADMINI~1\AppData\Local\Temp\test_mian_resume_zxm3gh_3\sample.pdf, dpi=100, model=HY, workers=None
INFO|2026-09-12 13:50:58|split done: pages=3, dir=D:\code-project\python\PToEA\data\sample, elapsed=0.0s
INFO|2026-09-12 13:50:58|pdf_to_epub start: pdf=C:\Users\ADMINI~1\AppData\Local\Temp\test_mian_resume_81c0pb87\sample.pdf, dpi=100, model=HY, workers=None
INFO|2026-09-12 13:50:58|split done: pages=3, dir=D:\code-project\python\PToEA\data\sample, elapsed=0.0s
INFO|2026-09-12 13:50:58|starting server: model=HY, workers=4
INFO|2026-09-12 13:50:58|server ready: model=HY, elapsed=0.0s
INFO|2026-09-12 13:50:58|ocr done: total_pages=3, todo=1, excluded=0, errors=0, elapsed=0.0s
INFO|2026-09-12 13:50:58|structure done: elapsed=0.0s
INFO|2026-09-12 13:50:58|history done: elapsed=0.0s
INFO|2026-09-12 13:50:58|render done: elapsed=0.0s
INFO|2026-09-12 13:50:58|pdf_to_epub success: epub=C:\Users\Administrator\AppData\Local\Temp\test_mian_resume_81c0pb87\out.epub, total_elapsed=0.0s
INFO|2026-09-12 13:50:58|=== ptoe start: ['python.exe -m unittest', 'test_mian'] ===
INFO|2026-09-12 13:50:58|=== ptoe start: ['python.exe -m unittest', 'test_mian'] ===
INFO|2026-09-12 13:50:58|=== ptoe start: ['python.exe -m unittest', 'test_mian'] ===
INFO|2026-09-12 13:50:58|pdf_to_epub start: pdf=C:\Users\ADMINI~1\AppData\Local\Temp\test_mian_qcsuh0oh\sample.pdf, dpi=100, model=HY, workers=None
INFO|2026-09-12 13:50:58|split done: pages=3, dir=D:\code-project\python\PToEA\data\sample, elapsed=0.0s
INFO|2026-09-12 13:50:58|starting server: model=HY, workers=4
INFO|2026-09-12 13:50:58|server ready: model=HY, elapsed=0.0s
INFO|2026-09-12 13:50:58|ocr done: total_pages=3, todo=3, excluded=0, errors=0, elapsed=0.0s
INFO|2026-09-12 13:50:58|structure done: elapsed=0.0s
INFO|2026-09-12 13:50:58|history done: elapsed=0.0s
INFO|2026-09-12 13:50:58|render done: elapsed=0.0s
INFO|2026-09-12 13:50:58|pdf_to_epub success: epub=C:\Users\Administrator\AppData\Local\Temp\test_mian_qcsuh0oh\out.epub, total_elapsed=0.0s
INFO|2026-09-12 13:50:58|=== ptoe start: ['python.exe -m unittest', 'test_mian'] ===
INFO|2026-09-12 13:50:58|=== ptoe start: ['python.exe -m unittest', 'test_mian'] ===
INFO|2026-09-12 14:28:30|=== ptoe start: ['python.exe -m unittest', 'test_guimanage', '-v'] ===
INFO|2026-09-12 14:28:30|=== ptoe start: ['python.exe -m unittest', 'test_guimanage', '-v'] ===
INFO|2026-09-12 15:20:29|=== ptoe start: ['mian.py', 'gui'] ===
INFO|2026-09-12 15:20:43|=== ptoe start: ['D:\\code-project\\python\\PToEA\\mian.py', 'correct', 'E:\\MYBooks\\books\\历史\\建国以来毛泽东文稿\\建国以来毛泽东文稿(2023新版) 03 (中共中央党史和文献研究院编) (z-library.sk, 1lib.sk, z-lib.sk).pdf', '--engine', 'llama', '--history-id', 'manual_ef8f906e_20260830143951_d668', '--lang', 'zh-CN'] ===
